athlete_uid,playing_level,cmj_jump_height_cm,actual_bat_speed_mph,pred_bat_speed_mph,residual_mph
fd3d7a63-ef2c-43d5-96dd-1f5c1762b025,High School,38.47,52.7,63.12155925991982,-10.421559259919817
e2fbb235-2e9e-43e1-9f01-c07a09ef569c,College,23.45,61.1,53.56253695815629,7.537463041843715
b57dca79-dfa8-40d3-99b9-b3ab9edd12cd,High School,43.09,54.5,66.06181778416399,-11.561817784163992
7d871165-426e-4278-aabb-48c2b613d2dd,College,45.82,73.0,67.79924327576282,5.200756724237181
7f13a3ee-1114-47a0-97bd-15030a2c38c4,College,40.19,64.6,64.21620096158648,0.3837990384135139
81a7503e-70d2-4816-bc99-aaa562a224f5,Pro,42.53,67.5,65.70542281152834,1.7945771884716635
a7f5385e-417e-4ce8-9025-2292611fa318,Pro,37.24,71.0,62.33876315930935,8.661236840690648
f98a7879-4d3f-4de5-ab50-38efc5e131e6,Pro,45.37,67.3,67.51285445846631,-0.21285445846631035
7a1022d7-3af0-47f3-a4d4-d8b010a36521,College,36.06,64.5,61.58778803839851,2.9122119616014928
af558557-20d9-41ef-8394-7584daefa955,Pro,50.13,68.7,70.54221172586941,-1.8422117258694044
e24f29b6-b8e8-473d-8044-bf5779893afb,High School,37.85,57.9,62.726979111644624,-4.826979111644626
f0196b10-6117-47a2-a258-56914393cdd7,Pro,41.99,69.0,65.36175623077253,3.638243769227472
b317d078-9624-4e86-a68d-e39d43ebd990,College,41.27,69.7,64.90353412309811,4.796465876901891
84013ce6-8721-42aa-b27f-e05bfd67fa20,Pro,50.43,69.0,70.73313760406708,-1.7331376040670818
7f13a3ee-1114-47a0-97bd-15030a2c38c4,College,38.69,64.0,63.26157157059811,0.7384284294018926
d2a636aa-6148-431b-bca8-a14322813a7f,High School,30.85,57.4,58.2720419536989,-0.8720419536989041
749913c7-ed31-4de9-92a9-ba22ad4f02e8,College,47.06,66.7,68.58840357231321,-1.8884035723132087
6fd1e40e-139b-4778-8b7f-805de73c4cd7,College,36.93,65.7,62.14147308517176,3.558526914828242
85bc7520-a253-4f12-b1e9-345a8a82bbae,College,38.4,59.7,63.077009888340356,-3.3770098883403534
7be14792-be47-4f6e-a605-c779d85cb0fe,Pro,51.22,71.0,71.23590908332095,-0.23590908332094784
81a7503e-70d2-4816-bc99-aaa562a224f5,Pro,38.76,71.6,63.30612094217757,8.293879057822423
eee4be93-7658-4a8a-85ef-9dc8c80a0fe9,College,48.09,63.3,69.24391575412523,-5.9439157541252285
fb1c936a-98d4-498e-90e1-2d7dc6ca8aa5,College,40.76,57.1,64.57896013016206,-7.478960130162058
dbcbe7c4-c313-410a-ac5d-9f50947d29ff,College,45.63,68.2,67.6783235529043,0.5216764470957003
367fa660-b249-4e30-a569-af26bb2474d9,College,42.32,62.2,65.57177469678996,-3.371774696789956
25e49842-1c31-46b9-b74e-fcf1d1d2c83f,Pro,58.1,75.7,75.6144758899876,0.08552411001240046
74820c97-bef1-45ff-b74b-88cc8b44c28c,College,45.53,67.2,67.61468159350508,-0.4146815935050796
454a4b07-a725-47a9-a396-b9b8377755da,College,46.02,71.1,67.92652719456127,3.1734728054387205
7d871165-426e-4278-aabb-48c2b613d2dd,College,51.29,76.3,71.28045845490041,5.019541545099585
a07c720f-ef87-48d8-9076-b133b00f5c45,College,51.85,66.4,71.63685342753607,-5.236853427536062
e1e0fc0f-36f0-4c00-a85f-6230668843b9,Pro,48.69,68.8,69.62576751052057,-0.8257675105205777
51c16a6f-2089-486e-bddb-70b5afb4971d,High School,46.38,65.0,68.15563824839847,-3.155638248398475
c199859f-d7ec-4670-a7b5-0dadeebca314,Pro,37.2,66.8,62.31330637554967,4.486693624450325
9cbbc585-b4b9-45de-bae8-ef4aa1faa464,College,41.72,65.2,65.18992294039461,0.010077059605393401
bd171582-042c-4f40-9d40-87d7747e9eb0,College,56.09,74.9,74.33527250606319,0.5647274939368145
4cb1e703-cec0-4d5b-b376-67b4f55e5480,College,41.86,67.9,65.27902168355354,2.620978316446468
b9782032-5297-49f3-b8b5-6f72f5076ee9,College,47.85,61.6,69.09117505156709,-7.49117505156709
03b97616-e8c6-4041-8fbe-0a92f1bcf6ee,College,42.28,65.7,65.54631791303028,0.15368208696972374
d764a59e-50d8-44a4-a789-11063a0ac742,College,51.31,69.1,71.29318684678026,-2.1931868467802644
69163ea4-6fb3-419d-8cf9-fcbf50166381,College,36.46,63.1,61.84235587599541,1.2576441240045924
6d0aa70a-8e60-494a-a89b-90235b417be0,College,45.52,68.4,67.60831739756514,0.7916826024348609
e24f29b6-b8e8-473d-8044-bf5779893afb,High School,39.93,61.3,64.0507318671485,-2.7507318671485024
9cb0fcae-7717-4b3e-b84c-8eb78a50b647,College,35.06,56.7,60.951368444406256,-4.251368444406253
678a02b5-6f57-4ae9-b6b9-f6e2a89109c8,College,33.74,63.2,60.1112945803365,3.088705419663505
8b46b19d-e0b4-44f2-8b24-e62fa0b1161c,College,39.13,72.1,63.5415961919547,8.558403808045291
5c48e61e-946c-4699-a184-bc226639d9c7,College,57.17,71.1,75.02260566757482,-3.922605667574828
3a0315d9-8fc3-4389-b396-e79204ab74b9,College,37.18,70.7,62.300577983669825,8.399422016330178
7a1022d7-3af0-47f3-a4d4-d8b010a36521,College,32.7,67.9,59.44941820258456,8.450581797415445
ec18ed95-eb8c-4a1e-b7e0-1310b418c15d,High School,36.46,66.3,61.84235587599541,4.457644124004588
540e4e89-51bc-4d11-9c47-cc220507e3c3,College,45.86,63.7,67.82470005952251,-4.12470005952251
2ebec835-2245-4a9c-a82c-f39e2bf76795,College,38.81,66.9,63.33794192187718,3.562058078122824
9e647329-8263-4e43-ae3f-3c16e6afaf99,High School,28.73,56.2,56.92283241443535,-0.7228324144353451
86e2a7a9-3392-4a49-8d1f-30a71c7fd288,College,33.39,58.3,59.88854772243921,-1.5885477224392162
79bc1f99-b653-48aa-a698-308908dcbf1e,College,37.44,57.5,62.466047078107806,-4.966047078107806
1546b167-acac-4859-842a-293c011afbee,High School,28.27,62.1,56.63007940119891,5.469920598801089
d2a636aa-6148-431b-bca8-a14322813a7f,High School,31.88,58.5,58.92755413551092,-0.4275541355109169
db4ba4a5-8579-4ebf-bd2a-dab783d30184,College,49.37,72.5,70.0585328344353,2.4414671655647027
7b6cd196-15e9-4d77-b758-5f8422f19e31,High School,42.11,65.3,65.4381265820516,-0.13812658205159778
cb97b53e-2d0d-4f7e-a299-f4e30f3cbbb1,High School,41.27,55.3,64.90353412309811,-9.603534123098115
a4a5f303-b725-408b-9d95-21d1c3c8f65d,College,60.23,63.7,76.97004962519108,-13.270049625191078
8f5291fb-869f-4460-bd67-49224d7f0aff,College,41.66,66.3,65.15173776475508,1.148262235244914
9446e1c4-9f45-4818-89d8-d1424cc3c5de,College,41.43,58.4,65.00536125813687,-6.605361258136874
7c4e568b-717d-4c48-9dae-3e642139386c,College,48.34,69.4,69.40302065262328,-0.0030206526232774422
6cd1a54c-df72-45e6-9e72-50a344eea254,High School,30.39,55.7,57.97928894046247,-2.2792889404624646
77807806-6004-4a2f-b829-f588050694f0,Pro,46.85,72.4,68.45475545757483,3.945244542425172
aacd7d33-24c9-43de-a488-d5af669ca279,College,47.03,72.1,68.56931098449344,3.530689015506553
c1787421-dc4d-4980-a64a-119ecd26d49a,College,35.44,72.2,61.19320789012331,11.006792109876692
f48a6e85-95dc-4737-931d-296867fe0fec,College,35.62,65.8,61.30776341704191,4.4922365829580855
3f6e8dc6-1535-47b3-b573-53f8b5b2aabb,Pro,57.03,70.2,74.9335069244159,-4.733506924415892
cf50cb73-996c-4a79-ab4f-c133d7a0737d,College,36.41,61.6,61.81053489629579,-0.21053489629579047
a1bcd1fb-ff87-4719-98ef-4a87765a891b,College,35.4,67.9,61.167751106363625,6.732248893636381
84013ce6-8721-42aa-b27f-e05bfd67fa20,Pro,54.76,70.8,73.4888344460535,-2.688834446053505
dda2a9bf-4ede-4077-b07e-928c440b82f9,Pro,41.33,73.1,64.94171929873764,8.158280701262356
f7790043-8cdc-4141-9d68-0b18674a6259,College,45.86,71.3,67.82470005952251,3.475299940477484
f40be71f-fc08-46b2-a1fb-1bfa7796bb5c,College,43.66,67.9,66.42457695273957,1.4754230472604348
3db22afb-f8f0-434e-94bc-2b7cecb18736,College,60.71,80.0,77.27553103030736,2.724468969692637
3db22afb-f8f0-434e-94bc-2b7cecb18736,College,60.5,80.0,77.141882915569,2.858117084431001
5f6c6299-7aea-42a1-88d0-92b6271b7904,College,39.35,69.2,63.681608502633,5.518391497367006
e24f29b6-b8e8-473d-8044-bf5779893afb,High School,40.14,61.8,64.18437998188688,-2.3843799818868803
a761c1e8-96e0-4b61-9be3-5d72953d392b,Pro,43.22,75.5,66.14455233138298,9.355447668617018
464e02f3-7e17-49bc-b61c-ee44e20b0338,Pro,27.88,60.1,56.381875759541934,3.718124240458067
7b89bd06-e271-4cc4-9206-26ebe8cafd8a,Pro,36.01,72.2,61.55596705869889,10.644032941301113
3f2e4ffe-bee0-4f65-8cfe-18bdcebb698b,High School,30.8,64.4,58.24022097399929,6.159779026000713
914b1e1b-6fc5-4941-8191-02217d777d98,College,34.1,55.5,60.340405634173706,-4.840405634173706
81a7503e-70d2-4816-bc99-aaa562a224f5,Pro,45.11,73.0,67.34738536402833,5.652614635971673
17ddae77-d934-438e-accc-83b19aceb378,College,41.1,66.2,64.79534279211943,1.4046572078805752
15f8be87-de5e-4e0f-af17-ff35062e4eea,College,41.17,63.6,64.83989216369888,-1.239892163698876
d52520f2-da23-4c70-bded-8ba17706169e,College,57.41,68.2,75.17534637013296,-6.975346370132954
98a3ebc4-c466-4780-a66f-e0d9205b3e65,High School,33.16,61.0,59.74217121582099,1.2578287841790114
1921179e-9a4e-45bf-a697-ee94c0ade229,College,41.09,62.4,64.7889785961795,-2.3889785961795056
977349e3-ef5c-4a4e-9af6-1769d0087604,College,37.83,60.2,62.71425071976478,-2.5142507197647745
464e02f3-7e17-49bc-b61c-ee44e20b0338,Pro,32.52,63.3,59.33486267566596,3.9651373243340373
81b2a80f-8edf-4bc7-92d4-e7d534fde7db,High School,47.46,64.3,68.8429714099101,-4.542971409910109
7be14792-be47-4f6e-a605-c779d85cb0fe,Pro,55.27,72.8,73.81340843898954,-1.0134084389895435
a1bcd1fb-ff87-4719-98ef-4a87765a891b,College,40.74,68.8,64.56623173828221,4.233768261717785
a07c720f-ef87-48d8-9076-b133b00f5c45,College,52.59,66.5,72.10780392709033,-5.60780392709033
2e0c93ea-d8d1-45a5-9dea-cc7ee1af455e,College,38.73,63.4,63.2870283543578,0.11297164564219742
02bd758b-d462-4a13-a2bb-e36a8baf4615,High School,40.01,58.9,64.10164543466787,-5.201645434667874
a6183ddd-0555-4694-85b7-c7c20d81d0b8,College,46.4,66.0,68.16836664027832,-2.1683666402783217
7f13a3ee-1114-47a0-97bd-15030a2c38c4,College,43.14,68.3,66.09363876386361,2.206361236136388
fcdeb6cc-eedb-49dc-8fc6-fc481546ed80,College,26.35,49.2,55.4081537807338,-6.208153780733795
84db729a-b4d2-4db4-aa50-e387f1b18957,College,49.2,67.8,69.95034150345661,-2.150341503456616
cb8584de-3e71-49a2-bddd-07bdf43f7180,College,44.88,62.1,67.20100885741012,-5.101008857410115
ffa444b1-bc3d-4b69-ad4c-e4706a10d13d,College,47.81,67.2,69.0657182678074,-1.8657182678073951
d307dbfa-52f6-4f91-8b1a-bb6fed426a10,College,42.01,63.5,65.37448462265237,-1.8744846226523748
68e06334-edee-4a57-bb43-0b03b610c05d,College,45.85,69.5,67.81833586358259,1.6816641364174103
69163ea4-6fb3-419d-8cf9-fcbf50166381,College,37.97,64.7,62.80334946292369,1.8966505370763116
e1e0fc0f-36f0-4c00-a85f-6230668843b9,Pro,49.73,69.2,70.2876438882725,-1.0876438882724955
2849a026-ccb5-41a5-998a-287240175062,College,43.35,64.3,66.22728687860197,-1.9272868786019757
f3cb4084-7fe6-42e2-9aae-fcc135416204,College,47.0,67.3,68.55021839667367,-1.2502183966736737
d1c9ad85-fc08-4c24-8993-6dd94dc663c8,College,50.88,68.6,71.0195264213636,-2.4195264213635994
5c273df0-27e1-44de-a77d-6ffb15bc9e0e,College,46.78,64.4,68.41020608599538,-4.010206085995378
8934548c-9fb0-4c85-8d9f-894533487d92,High School,42.84,64.1,65.90271288566593,-1.8027128856659402
cf50cb73-996c-4a79-ab4f-c133d7a0737d,College,37.15,64.0,62.281485395850055,1.718514604149945
1c052092-f1aa-48bf-9f8f-7790cc9cfec5,College,31.51,63.5,58.69207888573379,4.8079211142662075
7845b762-4cb8-426b-ad8c-7879afa1dc48,College,37.69,72.8,62.62515197660586,10.174848023394134
6d0aa70a-8e60-494a-a89b-90235b417be0,College,52.65,68.4,72.14598910272986,-3.745989102729851
2463165a-46c1-44cd-be27-0f886c404f46,High School,43.54,63.0,66.3482066014605,-3.348206601460504
30667a5e-5b48-4398-abbc-57e0b94a1b46,College,56.03,73.8,74.29708733042366,-0.4970873304236676
676bcad7-4b2e-4f81-8e31-aa37b6d6d787,College,46.53,65.6,68.25110118749731,-2.651101187497318
a07c720f-ef87-48d8-9076-b133b00f5c45,College,53.11,68.1,72.4387421159663,-4.338742115966312
b06c2139-3da9-4e54-a268-9960bed3c764,College,52.88,73.4,72.29236560934808,1.1076343906519242
86e2a7a9-3392-4a49-8d1f-30a71c7fd288,College,39.59,59.6,63.83434920519113,-4.23434920519113
fe46ec33-2e07-4478-bf84-70d34844627e,High School,26.99,56.1,55.815462320888834,0.28453767911116756
6945a975-cdcf-4d49-b8e3-beb089c36fcb,Pro,52.2,71.8,71.85960028543334,-0.05960028543334772
ee641147-d00a-4dc3-8900-0cc49fe6276d,College,52.85,72.1,72.27327302152831,-0.17327302152831692
21583cbb-0b7f-4308-b1a4-59c84a268dd7,College,40.26,70.3,64.26075033316593,6.039249666834067
b7b2f369-d440-4ffe-80d7-3def62c971d7,College,43.04,69.5,66.02999680446439,3.470003195535611
9d523124-2701-49d0-835c-0e319e8e2dae,College,52.47,73.1,72.03143357581126,1.068566424188731
4b6c5fb8-a899-41a3-a3e2-af066e04e14e,High School,30.25,57.0,57.89019019730355,-0.8901901973035535
19ad815d-e363-4db3-b0b2-afda3a366b40,College,46.55,66.5,68.26382957937716,-1.763829579377159
24c900e8-50a2-48f8-8bb3-7a98486cff37,College,37.15,62.5,62.281485395850055,0.21851460414994506
dc7adf99-d591-458c-91b9-1f1d99c07263,College,37.57,57.6,62.5487816253268,-4.948781625326795
1921179e-9a4e-45bf-a697-ee94c0ade229,College,39.61,64.5,63.84707759707098,0.6529224029290219
4de1cda6-90aa-48ea-8716-51ab8589febd,High School,41.18,56.9,64.8462563596388,-7.946256359638802
39ba2241-f42f-4c1b-9250-57deeabf2b26,College,39.48,64.8,63.76434304985199,1.0356569501480095
7abb04ba-d16e-40f4-9886-b8655e02be94,College,37.66,59.9,62.60605938878609,-2.7060593887860946
df9af48e-d659-4053-8179-4e095b0f0fcb,College,34.59,73.7,60.652251235229905,13.047748764770098
3a1510cc-be4d-4c13-aa61-c34ecefcf58c,College,38.36,71.3,63.05155310458067,8.248446895419328
d27f623a-39a3-43e9-aec8-5af4998fd0f5,High School,48.87,71.0,69.74032303743917,1.2596769625608317
96a61ff7-318d-4149-8ad3-fed5acf1e060,College,49.27,61.3,69.99489087503608,-8.69489087503608
098076df-dbac-4188-a150-9ea90f6fb41d,College,34.15,61.5,60.372226613873316,1.1277733861266839
ffa444b1-bc3d-4b69-ad4c-e4706a10d13d,College,47.01,67.4,68.5565825926136,-1.1565825926135886
ca4a9cf4-49d6-43cf-a08a-422a1e95b2e7,College,44.71,60.6,67.09281752643143,-6.4928175264314305
a6183ddd-0555-4694-85b7-c7c20d81d0b8,College,44.87,65.9,67.19464466147019,-1.294644661470187
3cb94054-ca00-42c4-ae6c-807616ffb851,College,49.05,74.9,69.85487856435778,5.04512143564223
7f13a3ee-1114-47a0-97bd-15030a2c38c4,College,42.41,70.5,65.62905246024926,4.870947539750745
5b4013d9-73a0-4193-9779-8ac8b4271e61,College,38.95,69.7,63.4270406650361,6.2729593349639
a68e16ee-9583-4e43-a240-a2be3cb9feb9,College,40.63,68.4,64.49622558294307,3.903774417056937
e36fd61e-b20b-40ca-9417-93f5b5d89a0a,College,46.7,67.9,68.359292518476,-0.4592925184759906
08a63457-73f2-424d-aa05-9940fc850e2f,High School,41.3,62.2,64.92262671091787,-2.722626710917865
80979d72-a264-4fa7-bc1e-df683f0a91cc,College,46.17,67.2,68.02199013366011,-0.8219901336601083
cad3b788-08cf-4c29-926d-a001670a6c30,College,48.96,68.8,69.79760080089848,-0.997600800898482
8dd52b81-007c-421f-b96c-ca61c8395ad2,College,42.27,62.7,65.53995371709036,-2.839953717090353
c33400cd-a0fa-4cff-8bf8-1d69161d99b5,College,44.87,67.7,67.19464466147019,0.5053553385298102
babcba2c-70da-4842-89da-befafa3884a9,College,35.43,59.3,61.186843694183395,-1.8868436941833977
510fa853-5b87-4f18-b0d0-5268b4eee1d3,High School,42.54,62.3,65.71178700746826,-3.411787007468263
76013a40-c6ff-4a3e-936e-520cf89c5218,High School,46.02,62.5,67.92652719456127,-5.426527194561274
b225a9d9-5dd4-47a1-82a8-a893cf22672f,College,42.34,72.0,65.5845030886698,6.4154969113301945
f3cb4084-7fe6-42e2-9aae-fcc135416204,College,48.88,70.6,69.7466872333791,0.8533127666208884
0468cc13-4cce-4360-a8af-cb1afba8e280,College,49.38,63.0,70.06489703037522,-7.064897030375221
fad6a73a-d461-4cf4-a74e-fd310002ac24,College,43.07,70.7,66.04908939228415,4.650910607715858
ebe1a30e-5612-4193-9ef5-42298499de6e,College,48.35,72.5,69.4093848485632,3.0906151514367934
7a05f478-d6ea-426d-b056-e79ce3bdef2a,College,28.35,52.3,56.68099296871829,-4.380992968718296
8f08d683-49ed-4bfe-84ee-959b6f68badf,College,34.87,61.7,60.83044872154773,0.8695512784522705
d52520f2-da23-4c70-bded-8ba17706169e,College,61.35,69.0,77.6828395704624,-8.682839570462406
c79a8908-2ef8-4a75-a304-91e2088dc99a,High School,36.19,54.5,61.67052258561749,-7.170522585617491
4d97aa83-aa97-4531-ba61-458b47352e3b,High School,33.07,58.2,59.68489345236169,-1.484893452361689
26bd7f15-627d-4a4f-b8ce-9e3e72218fc5,High School,38.56,64.7,63.17883702337912,1.5211629766208858
fb586199-e0fd-4459-bb63-2cbd4f5a4d78,College,45.63,61.0,67.6783235529043,-6.678323552904303
a5be5c60-bd35-4749-9223-16307461145d,High School,38.03,58.8,62.84153463856323,-4.041534638563235
68e06334-edee-4a57-bb43-0b03b610c05d,College,52.6,72.3,72.11416812303025,0.18583187696974335
e74a7f69-4372-4559-b03d-3279cd7c6940,High School,41.9,68.5,65.30447846731322,3.195521532686783
69163ea4-6fb3-419d-8cf9-fcbf50166381,College,40.74,64.4,64.56623173828221,-0.16623173828220672
ae00dacc-979e-4563-94f4-4f906505d912,College,39.17,61.6,63.56705297571439,-1.9670529757143882
09926ac1-bbe0-4d53-8404-473e14a6a30a,Pro,39.75,67.7,63.93617634022989,3.763823659770111
5c22bb1c-6c02-4fbd-b519-37bce5761801,College,45.28,64.2,67.45557669500701,-3.255576695007008
3a6bea7a-62fa-4f88-bf6b-9b1787ca365e,College,41.61,69.0,65.11991678505547,3.880083214944534
a0fa354b-053b-44cf-b351-e0925f856a5a,High School,23.21,44.5,53.409796255598145,-8.909796255598145
0f804358-6073-4080-8366-a9c7e7651d8c,College,33.13,72.5,59.723078628001225,12.776921371998775
e79dea6c-d978-46bb-b470-ba7c64efe642,High School,38.2,53.1,62.949725969541916,-9.849725969541915
8934548c-9fb0-4c85-8d9f-894533487d92,High School,44.24,65.0,66.79370031725507,-1.7937003172550732
676bcad7-4b2e-4f81-8e31-aa37b6d6d787,College,50.8,65.9,70.9686128538442,-5.068612853844201
7845b762-4cb8-426b-ad8c-7879afa1dc48,College,37.38,75.6,62.42786190246827,13.172138097531722
7d13191e-3a2a-4fd6-9ab8-60f6172de77c,College,39.01,69.0,63.46522584067563,5.534774159324371
9e8e707e-ddb4-44c8-ad67-e3761e6f072a,College,50.71,74.8,70.91133509038491,3.8886649096150876
e7c4f4e4-a344-47cd-b284-30bc6acbd9cd,Pro,43.94,74.1,66.6027744390574,7.497225560942596
fdb1dd7c-8715-40e2-8044-87017be8eff5,College,43.36,60.4,66.2336510745419,-5.833651074541898
a5843cf8-d7bb-4cff-aa14-deef40c70089,College,45.22,73.2,67.41739151936747,5.782608480632533
451c4a84-60b1-431b-892d-cdbe4243794a,High School,39.03,66.1,63.477954232555476,2.6220457674445186
5b4013d9-73a0-4193-9779-8ac8b4271e61,College,39.07,72.4,63.50341101631517,8.896588983684836
df9af48e-d659-4053-8179-4e095b0f0fcb,College,37.81,73.3,62.70152232788494,10.59847767211506
ee641147-d00a-4dc3-8900-0cc49fe6276d,College,51.17,73.2,71.20408810362133,1.9959118963786722
1c052092-f1aa-48bf-9f8f-7790cc9cfec5,College,32.6,64.1,59.38577624318533,4.714223756814661
d1c9ad85-fc08-4c24-8993-6dd94dc663c8,College,49.7,71.3,70.26855130045274,1.031448699547255
cccd158a-37ac-489b-b6e9-b35eedb13cf4,College,51.1,68.3,71.15953873204188,-2.8595387320418837
80ed2e94-01ab-42e2-bf24-897dddf240ee,High School,28.88,68.1,57.018295353534185,11.081704646465809
c33400cd-a0fa-4cff-8bf8-1d69161d99b5,College,46.62,68.5,68.30837895095662,0.19162104904337696
1921179e-9a4e-45bf-a697-ee94c0ade229,College,38.56,67.2,63.17883702337912,4.021162976620886
86e2a7a9-3392-4a49-8d1f-30a71c7fd288,College,39.79,59.7,63.961633123989586,-4.261633123989583
ffa444b1-bc3d-4b69-ad4c-e4706a10d13d,College,49.54,68.6,70.16672416541398,-1.5667241654139872
a6183ddd-0555-4694-85b7-c7c20d81d0b8,College,45.65,68.4,67.69105194478414,0.7089480552158705
80979d72-a264-4fa7-bc1e-df683f0a91cc,College,47.98,75.4,69.17390959878607,6.226090401213938
5a920021-0342-497e-b8fd-174c90d8936f,High School,34.25,58.4,60.43586857327254,-2.035868573272545
40c59397-0533-47f9-abdf-aa0b1bcd9fb3,High School,49.32,58.3,70.02671185473568,-11.726711854735683
59b95e48-9c37-4d32-9ec1-437ea3aa9fa9,College,37.42,66.1,62.45331868622796,3.646681313772035
988dfe28-bcb2-456e-9511-1b1181a7506c,College,51.35,62.0,71.31864363053995,-9.318643630539952
69163ea4-6fb3-419d-8cf9-fcbf50166381,College,39.43,64.6,63.73252207015237,0.8674779298476238
33f500ee-2c98-482f-8ecc-f780e5d3c01f,High School,49.27,67.9,69.99489087503608,-2.0948908750360715
510fa853-5b87-4f18-b0d0-5268b4eee1d3,High School,40.77,63.8,64.58532432610198,-0.7853243261019855
3a1510cc-be4d-4c13-aa61-c34ecefcf58c,College,38.26,71.5,62.98791114518144,8.512088854818558
ebe1a30e-5612-4193-9ef5-42298499de6e,College,49.63,74.5,70.22400192887328,4.275998071126722
19ad815d-e363-4db3-b0b2-afda3a366b40,College,50.47,65.8,70.75859438782678,-4.958594387826778
0468cc13-4cce-4360-a8af-cb1afba8e280,College,51.47,63.9,71.395013981819,-7.495013981819007
76013a40-c6ff-4a3e-936e-520cf89c5218,High School,47.85,65.4,69.09117505156709,-3.691175051567086
fad6a73a-d461-4cf4-a74e-fd310002ac24,College,41.63,71.7,65.13264517693531,6.56735482306469
b225a9d9-5dd4-47a1-82a8-a893cf22672f,College,45.9,73.1,67.8501568432822,5.2498431567177875
8ec56890-f5d1-4b19-98a3-c1b4afe97740,High School,29.05,50.2,57.12648668451286,-6.926486684512859
e24f29b6-b8e8-473d-8044-bf5779893afb,High School,43.46,61.5,66.29729303394112,-4.797293033941116
c8fdcfb2-18dc-46b1-bed4-f2699c29a78d,College,37.19,61.2,62.30694217960974,-1.1069421796097387
f1610ff0-4c3d-48c0-b060-4b264b4a3676,College,44.58,70.2,67.01008297921244,3.1899170207875613
68e06334-edee-4a57-bb43-0b03b610c05d,College,52.78,71.1,72.22872364994885,-1.1287236499488529
b557334d-0076-495e-8c77-bcdcbdea42bb,College,53.4,67.7,72.62330379822404,-4.92330379822404
3a0315d9-8fc3-4389-b396-e79204ab74b9,College,34.73,71.0,60.74134997838881,10.258650021611189
2672ff0d-d896-484b-adb1-a6fa7845c012,High School,29.02,52.1,57.1073940966931,-5.007394096693098
d241a71d-2e3b-462c-a0e2-defd6e97dae4,High School,38.85,65.0,63.36339870563687,1.6366012943631318
fb586199-e0fd-4459-bb63-2cbd4f5a4d78,College,38.99,65.3,63.45249744879578,1.8475025512042151
26bd7f15-627d-4a4f-b8ce-9e3e72218fc5,High School,39.77,68.9,63.94890473210974,4.951095267890267
3f5740bc-c27c-4ce7-98ce-176549d426eb,High School,39.26,59.6,63.624330739173686,-4.024330739173685
8ffe9e10-b89c-400b-bc7d-1a77dd24322d,College,39.21,71.4,63.59250975947408,7.807490240525922
ae00dacc-979e-4563-94f4-4f906505d912,College,37.98,67.1,62.809713658863615,4.29028634113638
08a63457-73f2-424d-aa05-9940fc850e2f,High School,39.68,66.4,63.891626968650435,2.5083730313495707
a10b2ff0-5b6d-4b72-97cd-22f12ba70ba2,College,47.72,68.5,69.00844050434809,-0.5084405043480871
cad3b788-08cf-4c29-926d-a001670a6c30,College,51.81,69.1,71.61139664377637,-2.5113966437763793
c2e809f2-99aa-4b11-9910-ada444d5c95d,College,44.26,72.3,66.80642870913492,5.493571290865077
ba7936b1-678a-4c26-a19a-98ef3d40d216,High School,37.8,71.3,62.69515813194501,8.60484186805499
30001a5c-b2d4-4653-8d38-308779f028e8,College,48.19,68.4,69.30755771352445,-0.9075577135244401
61bf1db5-9408-431b-9529-71c6a62925ea,College,48.56,73.7,69.54303296330158,4.156967036698418
d047f752-577f-4ad5-80a1-6a58862df0f6,College,39.41,62.8,63.719793678272524,-0.9197936782725264
5c273df0-27e1-44de-a77d-6ffb15bc9e0e,College,45.64,63.7,67.68468774884423,-3.984687748844223
eee4be93-7658-4a8a-85ef-9dc8c80a0fe9,College,48.0,65.6,69.18663799066593,-3.5866379906659347
35875d31-a7dd-4f90-a43e-4c1bc0d8a18c,College,41.4,63.9,64.9862686703171,-1.0862686703171036
6dc23a11-4b98-41f4-8d7b-9dc547cefa28,College,57.47,69.1,75.2135315457725,-6.113531545772503
676bcad7-4b2e-4f81-8e31-aa37b6d6d787,College,48.57,71.6,69.5493971592415,2.0506028407585006
e7c4f4e4-a344-47cd-b284-30bc6acbd9cd,Pro,42.91,75.4,65.94726225724538,9.452737742754621
7a05f478-d6ea-426d-b056-e79ce3bdef2a,College,27.24,56.8,55.9745672193869,0.8254327806130988
4bc66399-1400-4797-b17e-aa1b2b5adc0c,Pro,26.15,55.8,55.280869861935344,0.5191301380646536
a0fa354b-053b-44cf-b351-e0925f856a5a,High School,24.08,49.4,53.9634813023714,-4.5634813023714
66baa6e2-0f96-4fd7-8f35-1b7840064820,High School,31.93,56.3,58.959375115210534,-2.659375115210537
7845b762-4cb8-426b-ad8c-7879afa1dc48,College,39.43,77.9,63.73252207015237,14.167477929847635
2849a026-ccb5-41a5-998a-287240175062,College,42.15,68.9,65.46358336581127,3.4364166341887312
8256fb34-5f3f-4352-9719-8b60447d7a31,College,49.5,68.9,70.14126738165429,-1.241267381654282
7c4e568b-717d-4c48-9dae-3e642139386c,College,50.89,70.6,71.0258906173035,-0.42589061730350863
4d97aa83-aa97-4531-ba61-458b47352e3b,High School,33.53,62.8,59.97764646559813,2.82235353440187
c60a0ed6-f409-4bf9-ae60-f92383238e6c,High School,40.58,60.4,64.46440460324345,-4.064404603243453
b57dca79-dfa8-40d3-99b9-b3ab9edd12cd,High School,47.07,59.2,68.59476776825313,-9.394767768253132
f35b1925-5394-43e7-bedd-57bfdc3dc8d6,High School,29.28,53.8,57.27286319113108,-3.4728631911310828
21583cbb-0b7f-4308-b1a4-59c84a268dd7,College,42.29,69.0,65.5526821089702,3.4473178910297975
54c77616-6a19-40c9-bd31-f2e08d408a4e,High School,43.09,69.3,66.06181778416399,3.238182215836005
8934548c-9fb0-4c85-8d9f-894533487d92,High School,43.56,66.7,66.36093499334035,0.3390650066596521
43d9ff77-6248-443f-a8d3-716d3fdced31,College,42.01,66.7,65.37448462265237,1.325515377347628
dc7adf99-d591-458c-91b9-1f1d99c07263,College,37.81,58.0,62.70152232788494,-4.701522327884938
5e16e428-bf80-4c99-a41e-7103dd2e0d07,High School,34.2,61.9,60.404047593572926,1.4959524064270724
5c22bb1c-6c02-4fbd-b519-37bce5761801,College,47.25,74.7,68.70932329517174,5.99067670482826
cad3b788-08cf-4c29-926d-a001670a6c30,College,47.11,69.1,68.62022455201281,0.47977544798717986
8ec56890-f5d1-4b19-98a3-c1b4afe97740,High School,25.31,56.0,54.74627740298186,1.2537225970181396
86e2a7a9-3392-4a49-8d1f-30a71c7fd288,College,37.92,60.1,62.77152848322409,-2.671528483224087
b89b7d02-2d3f-45c8-bb6f-e10d29911251,College,42.39,58.4,65.61632406836942,-7.216324068369424
0fa40f47-48b6-4bd5-9895-0b37350bd159,College,46.33,69.6,68.12381726869887,1.4761827313011224
4866b002-7195-489b-bb2f-0b682154aed8,High School,31.31,50.8,58.56479496693534,-7.764794966935341
d2a636aa-6148-431b-bca8-a14322813a7f,High School,33.05,62.5,59.672165060481845,2.827834939518155
184b7930-7cd2-44e7-9bfa-8abc5f0c23da,Pro,48.89,67.3,69.75305142931902,-2.453051429319018
a24f33fa-2a6c-4289-bb99-1119c4ec503c,College,41.19,64.2,64.85262055557872,-0.6526205555787215
d047f752-577f-4ad5-80a1-6a58862df0f6,College,40.62,66.8,64.48986138700315,2.3101386129968517
7be14792-be47-4f6e-a605-c779d85cb0fe,Pro,58.48,70.8,75.85631533570466,-5.056315335704667
231fede0-9625-4919-b8bf-9cea48a79d5d,High School,34.98,61.8,60.90045487688688,0.8995451231131142
6945a975-cdcf-4d49-b8e3-beb089c36fcb,Pro,48.84,69.6,69.72123044961941,-0.12123044961941787
aacd7d33-24c9-43de-a488-d5af669ca279,College,44.56,72.0,66.9973545873326,5.002645412667405
2672ff0d-d896-484b-adb1-a6fa7845c012,High School,28.96,55.8,57.06920892105356,-1.2692089210535613
d27f623a-39a3-43e9-aec8-5af4998fd0f5,High School,45.77,69.9,67.76742229606322,2.1325777039367892
66baa6e2-0f96-4fd7-8f35-1b7840064820,High School,37.11,57.4,62.25602861209036,-4.856028612090363
6dded4e1-7078-453b-ad49-fc213196dfe7,Pro,40.3,68.9,64.28620711692562,4.613792883074382
4859416e-9b97-4c74-8bf9-aa103adb7708,College,43.72,69.4,66.46276212837911,2.9372378716208942
701be724-79b2-4173-89af-c1133e38f4f2,College,38.34,61.1,63.03882471270083,-1.9388247127008285
6fe52341-5cab-473f-9f38-b615435d5dd9,Pro,41.27,69.2,64.90353412309811,4.296465876901891
184b7930-7cd2-44e7-9bfa-8abc5f0c23da,Pro,49.68,70.6,70.2558229085729,0.34417709142709896
86e2a7a9-3392-4a49-8d1f-30a71c7fd288,College,37.01,60.4,62.19238665269114,-1.7923866526911425
7f23916e-2026-41b3-ad63-4b5fbddff11e,Pro,50.88,63.4,71.0195264213636,-7.619526421363595
cf50cb73-996c-4a79-ab4f-c133d7a0737d,College,38.85,66.4,63.36339870563687,3.0366012943631375
d047f752-577f-4ad5-80a1-6a58862df0f6,College,43.92,67.3,66.59004604717757,0.7099539528224312
6945a975-cdcf-4d49-b8e3-beb089c36fcb,Pro,49.16,71.1,69.92488471969692,1.1751152803030749
84db729a-b4d2-4db4-aa50-e387f1b18957,College,48.98,69.0,69.81032919277831,-0.8103291927783118
af558557-20d9-41ef-8394-7584daefa955,Pro,54.11,70.5,73.07516170995854,-2.575161709958536
2c296f62-4a7f-4f64-b4ea-67edd5470028,Pro,43.15,70.0,66.10000295980353,3.8999970401964674
aacd7d33-24c9-43de-a488-d5af669ca279,College,46.04,73.7,67.93925558644112,5.760744413558882
25e49842-1c31-46b9-b74e-fcf1d1d2c83f,Pro,60.09,74.8,76.88095088203218,-2.080950882032184
5c22bb1c-6c02-4fbd-b519-37bce5761801,College,49.38,69.1,70.06489703037522,-0.9648970303752264
6622722e-3039-49c1-b16d-ecc18b6553ec,College,48.36,55.7,69.41574904450313,-13.715749044503127
a0fa354b-053b-44cf-b351-e0925f856a5a,High School,31.81,51.4,58.88300476393146,-7.483004763931461
892c90c6-c255-45f7-8053-2d54fce4634a,High School,33.01,61.7,59.64670827672215,2.0532917232778516
17ddae77-d934-438e-accc-83b19aceb378,College,39.82,70.5,63.98072571180935,6.519274288190651
66baa6e2-0f96-4fd7-8f35-1b7840064820,High School,35.14,56.5,61.002282011925644,-4.502282011925644
5779c278-e820-48bf-8acb-bdc5985b70ac,College,38.59,66.6,63.19792961119889,3.402070388801107
7f13a3ee-1114-47a0-97bd-15030a2c38c4,College,46.26,68.0,68.07926789711941,-0.07926789711940785
826e276c-e8d5-4bf7-8f26-8d6f33068982,High School,44.12,56.7,66.717329965976,-10.017329965976003
15481c11-5bb3-4c62-8a18-c0814e86e14c,Pro,41.57,71.7,65.09446000129577,6.605539998704231
eee4be93-7658-4a8a-85ef-9dc8c80a0fe9,College,51.6,67.9,71.477748529038,-3.57774852903799
184b7930-7cd2-44e7-9bfa-8abc5f0c23da,Pro,50.3,69.7,70.65040305684809,-0.9504030568480886
cff18ec1-bc7b-48dc-a8e7-6874e11a5f39,Pro,42.68,64.4,65.80088575062717,-1.4008857506271681
5c2c6639-f977-4dec-9a9e-8168f6692dec,Pro,35.35,73.0,61.13593012666401,11.864069873335993
86e2a7a9-3392-4a49-8d1f-30a71c7fd288,College,39.25,59.8,63.61796654323377,-3.817966543233773
461e9845-9fcc-4719-a783-13c99de8f966,College,43.35,70.8,66.22728687860197,4.572713121398024
749913c7-ed31-4de9-92a9-ba22ad4f02e8,College,47.98,75.8,69.17390959878607,6.626090401213929
5e625a25-ad08-4397-b350-db278305d764,College,42.07,73.2,65.4126697982919,7.787330201708102
d7683a4e-df0c-4cfa-b6e4-dfd064a83a5b,College,40.86,69.3,64.64260208956128,4.657397910438718
8dee95ab-5cb2-492d-b73a-96bba3139d58,College,51.99,67.6,71.72595217069498,-4.125952170694987
9d099023-a97b-45ac-9138-e9bc09afac0c,College,46.54,69.9,68.25746538343724,1.6425346165627701
7845b762-4cb8-426b-ad8c-7879afa1dc48,College,40.85,74.1,64.63623789362137,9.463762106378624
e69f30e8-1b28-4b54-b39c-0ef326245558,College,45.69,72.1,67.71650872854383,4.383491271456165
7f23916e-2026-41b3-ad63-4b5fbddff11e,Pro,48.06,64.5,69.22482316630546,-4.724823166305455
1921179e-9a4e-45bf-a697-ee94c0ade229,College,37.69,62.7,62.62515197660586,0.07484802339413932
bd171582-042c-4f40-9d40-87d7747e9eb0,College,58.73,75.4,76.01542023420271,-0.615420234202702
892c90c6-c255-45f7-8053-2d54fce4634a,High School,34.18,62.0,60.39131920169308,1.6086807983069207
b11f1509-c586-4229-80b9-c7e38ec55e51,High School,32.84,60.9,59.53851694574348,1.3614830542565173
7ad5adc6-1ba0-4cfb-ab9d-61759077e0dd,College,35.61,56.5,61.301399221101995,-4.801399221101995
5779c278-e820-48bf-8acb-bdc5985b70ac,College,46.38,68.3,68.15563824839847,0.14436175160152231
3a6bea7a-62fa-4f88-bf6b-9b1787ca365e,College,41.41,70.9,64.99263286625703,5.90736713374298
a1bcd1fb-ff87-4719-98ef-4a87765a891b,College,39.47,69.3,63.757978853912064,5.542021146087933
98a3ebc4-c466-4780-a66f-e0d9205b3e65,High School,36.39,65.2,61.797806504415945,3.402193495584058
cc5191ee-48bb-4259-8bd6-7e86087b73ef,Pro,40.04,66.1,64.12073802248764,1.9792619775123512
6fef41a4-8304-4593-a405-c768bab66505,College,41.45,63.6,65.01808965001672,-1.418089650016718
a761c1e8-96e0-4b61-9be3-5d72953d392b,Pro,44.26,76.3,66.80642870913492,9.493571290865077
30001a5c-b2d4-4653-8d38-308779f028e8,College,48.12,71.3,69.26300834194498,2.0369916580550154
7b89bd06-e271-4cc4-9206-26ebe8cafd8a,Pro,37.85,74.9,62.726979111644624,12.173020888355381
65c0c056-de0a-422b-8e09-745316002c65,High School,43.75,63.4,66.48185471619888,-3.081854716198883
84042c4e-b9d4-4a54-aaf0-e71cbe6339a5,Pro,36.18,70.4,61.664158389677574,8.735841610322431
798a57ed-d66c-4c21-8b6d-602f64e2d070,High School,44.27,66.7,66.81279290507484,-0.11279290507484063
c46188e9-18ad-47de-bb99-d75611f3fe4d,College,46.24,63.8,68.06653950523958,-4.266539505239578
db4ba4a5-8579-4ebf-bd2a-dab783d30184,College,51.48,72.0,71.40137817775894,0.5986218222410571
7c4e568b-717d-4c48-9dae-3e642139386c,College,51.19,70.6,71.21681649550118,-0.6168164955011832
2672ff0d-d896-484b-adb1-a6fa7845c012,High School,28.2,56.2,56.58553002961945,-0.3855300296194457
c60a0ed6-f409-4bf9-ae60-f92383238e6c,High School,41.83,66.2,65.25992909573377,0.9400709042662356
ec25b053-0fc0-4cf2-a6ee-9611954e8fb0,College,36.72,62.0,62.00782497043339,-0.007824970433389922
ae00dacc-979e-4563-94f4-4f906505d912,College,38.96,68.5,63.43340486097602,5.066595139023981
6945a975-cdcf-4d49-b8e3-beb089c36fcb,Pro,51.88,73.0,71.65594601535584,1.3440539846441624
5f09c319-2004-4431-8665-8e6b4ace6a59,College,48.99,66.0,69.81669338871825,-3.8166933887182495
7a2f46d6-7d06-409a-a6c3-ff0ade36e8de,College,51.59,73.6,71.47138433309809,2.128615666901908
ff838832-e6c7-4c15-8750-15b42b1de4b4,High School,42.7,64.1,65.81361414250702,-1.7136141425070264
4a556589-20a5-4f37-9083-c5500740526b,College,35.58,62.4,61.282306633282225,1.1176933667177735
26bd7f15-627d-4a4f-b8ce-9e3e72218fc5,High School,45.1,69.1,67.3410211680884,1.758978831911591
e36fd61e-b20b-40ca-9417-93f5b5d89a0a,College,42.59,68.7,65.74360798716788,2.9563920128321257
e1e0fc0f-36f0-4c00-a85f-6230668843b9,Pro,51.34,70.5,71.31227943460001,-0.8122794346000148
9f1b892d-c9f6-4ddd-9709-2f6a8596e818,College,42.34,71.0,65.5845030886698,5.4154969113301945
a7863fd1-ef10-420e-aa9f-597e0f12ec78,Pro,54.64,70.3,73.41246409477444,-3.112464094774438
a0fa354b-053b-44cf-b351-e0925f856a5a,High School,33.99,53.5,60.27039947883456,-6.7703994788345625
5c48e61e-946c-4699-a184-bc226639d9c7,College,51.18,68.1,71.21045229956127,-3.110452299561274
c526fcde-7d37-463e-a7c6-3f1e32c2832d,College,46.92,66.1,68.4993048291543,-2.3993048291543033
676bcad7-4b2e-4f81-8e31-aa37b6d6d787,College,52.1,70.1,71.79595832603414,-1.6959583260341446
e24f29b6-b8e8-473d-8044-bf5779893afb,High School,45.7,63.8,67.72287292448375,-3.9228729244837552
dfc0dcaa-d4b2-495c-abfc-91989562d636,Pro,45.99,64.8,67.9074346067415,-3.1074346067415064
62db832e-c358-49fa-af7f-7a47bdb64f9b,Pro,44.32,69.1,66.84461388477446,2.2553861152255337
af558557-20d9-41ef-8394-7584daefa955,Pro,52.62,75.0,72.1268965149101,2.8731034850898993
ea31a04c-fc9a-4336-92f9-583561be37da,High School,31.1,53.6,58.43114685219697,-4.831146852196966
beb2623e-2867-4cef-8355-61c2b16d6575,High School,27.97,57.9,56.43915352300124,1.4608464769987606
a31ca164-1910-49c3-8abb-83555e16da5b,Pro,36.17,78.4,61.65779419373766,16.742205806262348
011eceda-668a-4144-ad77-a7ebbe459488,College,39.94,70.2,64.05709606308841,6.142903936911594
7badf75f-3f40-4722-adb3-fc8d5788791a,College,20.55,55.5,51.716920135578775,3.783079864421225
6945a975-cdcf-4d49-b8e3-beb089c36fcb,Pro,53.59,73.0,72.74422352108257,0.2557764789174257
892c90c6-c255-45f7-8053-2d54fce4634a,High School,35.07,65.0,60.95773264034618,4.04226735965382
7be14792-be47-4f6e-a605-c779d85cb0fe,Pro,54.82,70.2,73.52701962169303,-3.327019621693026
aacd7d33-24c9-43de-a488-d5af669ca279,College,48.77,76.1,69.67668107803995,6.423318921960046
4a556589-20a5-4f37-9083-c5500740526b,College,36.23,63.0,61.695979369377184,1.3040206306228157
e7c4f4e4-a344-47cd-b284-30bc6acbd9cd,Pro,42.76,61.5,65.85179931814655,-4.351799318146547
1cb2ec3a-6515-4231-a3c6-c66b7cb019df,High School,38.3,52.6,63.013367928941136,-10.413367928941135
a0fa354b-053b-44cf-b351-e0925f856a5a,High School,35.04,52.5,60.93864005252641,-8.43864005252641
70ffd727-f23b-4b7b-b3d9-c969930f862c,Pro,45.9,76.8,67.8501568432822,8.94984315671779
5e16e428-bf80-4c99-a41e-7103dd2e0d07,High School,38.33,65.3,63.032460516760906,2.2675394832390907
e1e0fc0f-36f0-4c00-a85f-6230668843b9,Pro,47.46,72.7,68.8429714099101,3.8570285900898966
c60a0ed6-f409-4bf9-ae60-f92383238e6c,High School,39.24,66.4,63.61160234729385,2.788397652706159
c526fcde-7d37-463e-a7c6-3f1e32c2832d,College,50.48,64.9,70.76495858376668,-5.864958583766679
d047f752-577f-4ad5-80a1-6a58862df0f6,College,45.41,66.2,67.538311242226,-1.3383112422259984
a24f33fa-2a6c-4289-bb99-1119c4ec503c,College,41.3,65.4,64.92262671091787,0.47737328908213783
0bdccf12-9400-421b-90c9-47f6f6f6487e,High School,39.09,57.6,63.516139408195016,-5.916139408195015
e49696e5-da2e-41ac-acfe-b294ba2a8893,High School,39.61,63.8,63.84707759707098,-0.047077597070980914
e321d6aa-6715-4233-8b56-fa0a2153d0f1,High School,36.99,59.3,62.179658260811294,-2.879658260811297
4c43a7b6-cc31-4dee-ae87-4ed78416f25c,High School,33.35,55.0,59.86309093867952,-4.86309093867952
011eceda-668a-4144-ad77-a7ebbe459488,College,39.14,68.2,63.54796038789462,4.6520396121053835
17ddae77-d934-438e-accc-83b19aceb378,College,40.2,70.4,64.2225651575264,6.177434842473602
1cb2ec3a-6515-4231-a3c6-c66b7cb019df,High School,36.16,56.1,61.65142999779773,-5.551429997797726
7be14792-be47-4f6e-a605-c779d85cb0fe,Pro,55.17,71.3,73.74976647959032,-2.4497664795903233
4a556589-20a5-4f37-9083-c5500740526b,College,34.36,63.3,60.50587472861169,2.7941252713883102
e7c4f4e4-a344-47cd-b284-30bc6acbd9cd,Pro,45.16,75.1,67.37920634372794,7.7207936562720505
6945a975-cdcf-4d49-b8e3-beb089c36fcb,Pro,53.84,73.4,72.90332841958065,0.49667158041935977
a7f5385e-417e-4ce8-9025-2292611fa318,Pro,43.19,71.7,66.12545974356321,5.574540256436791
c02af945-0781-48c8-b2b8-cd3d76336ae6,High School,39.2,59.6,63.58614556353416,-3.9861455635341585
66baa6e2-0f96-4fd7-8f35-1b7840064820,High School,35.13,55.0,60.99591781598572,-5.99591781598572
a682bdc3-f93f-454a-9361-3a5db17adec3,College,45.14,70.1,67.3664779518481,2.7335220481518974
dc4276c1-5afc-440f-81dc-d512dd5bea20,High School,31.71,56.4,58.81936280453223,-2.419362804532234
8ec56890-f5d1-4b19-98a3-c1b4afe97740,High School,30.76,58.1,58.214764190239606,-0.1147641902396046
70ffd727-f23b-4b7b-b3d9-c969930f862c,Pro,43.96,77.8,66.61550283093725,11.184497169062752
0e65584f-d8bd-49ec-bf0b-4f77520ca824,High School,43.38,61.2,66.24637946642174,-5.04637946642174
a31ca164-1910-49c3-8abb-83555e16da5b,Pro,33.9,77.2,60.21312171537525,16.98687828462475
eb367f8f-5dd8-419e-b928-a0f8e3172b89,College,33.34,59.1,59.856726742739596,-0.7567267427395947
0bdccf12-9400-421b-90c9-47f6f6f6487e,High School,42.65,57.7,65.7817931628074,-8.0817931628074
e321d6aa-6715-4233-8b56-fa0a2153d0f1,High School,35.78,61.8,61.40959055208067,0.39040944791932475
e49696e5-da2e-41ac-acfe-b294ba2a8893,High School,40.91,68.2,64.6744230692609,3.5255769307391063
a761c1e8-96e0-4b61-9be3-5d72953d392b,Pro,47.49,72.0,68.86206399772988,3.1379360022701235
7b89bd06-e271-4cc4-9206-26ebe8cafd8a,Pro,36.36,74.1,61.778713916596175,12.32128608340382
c526fcde-7d37-463e-a7c6-3f1e32c2832d,College,47.78,67.3,69.04662567998763,-1.7466256799876305
96dbc0b8-10db-4284-bfd6-725247c2782f,College,23.26,43.2,53.44161723529776,-10.24161723529776
d047f752-577f-4ad5-80a1-6a58862df0f6,College,45.96,65.5,67.88834201892175,-2.3883420189217475
988dfe28-bcb2-456e-9511-1b1181a7506c,College,47.04,65.4,68.57567518043336,-3.175675180433359
cad3b788-08cf-4c29-926d-a001670a6c30,College,52.42,69.1,71.99961259611165,-2.899612596111652
f229cc18-33d4-44ac-9aba-281f53a00482,Pro,44.15,60.3,66.73642255379578,-6.436422553795779
f640e643-46cb-42bf-8139-c88ec7c1443c,Pro,37.39,62.6,62.43422609840819,0.1657739015918125
82b0b250-94f9-4a9d-acb3-e2f2f3c006e4,College,48.45,66.6,69.47302680796244,-2.8730268079624466
311f163d-0acb-4447-9381-d8fb5b6c8f66,College,41.37,65.3,64.96717608249733,0.33282391750266527
0468cc13-4cce-4360-a8af-cb1afba8e280,College,44.2,55.5,66.7682435334954,-11.268243533495394
e0e1b11d-ecd9-4dbf-916d-42e05177b6c3,College,35.01,62.7,60.919547464706646,1.7804525352933567
55554a98-d18a-47db-9d35-99cc7e20381a,College,43.96,72.7,66.61550283093725,6.084497169062757
86e2a7a9-3392-4a49-8d1f-30a71c7fd288,College,39.11,60.4,63.528867800074856,-3.1288678000748575
9ec8f3f7-a1f9-44b7-b049-4ffc98a64ee4,High School,24.31,57.7,54.10985780898962,3.5901421910103863
e5bc92af-9290-4511-bb94-964d15ed74f1,High School,17.86,33.1,50.004951427739634,-16.904951427739633
4c7b0b19-f20e-47c1-b3eb-e716079d0943,High School,14.89,36.6,48.114785233582666,-11.514785233582664
8b2d1880-fb9f-45f7-aa50-59b759b01d0a,College,43.52,68.4,66.33547820958066,2.0645217904193487
ccd2f03c-6ecf-498e-ba2a-432f30e26d10,College,41.63,69.7,65.13264517693531,4.56735482306469
43e712c9-a81d-4fdc-a4ae-0b6ef8035f13,College,45.23,67.4,67.4237557153074,-0.02375571530738796
58f9b14c-8ac5-485a-af4f-50b918036353,College,45.67,64.3,67.70378033666398,-3.403780336663985
79fdd630-4e5d-42fe-a4d6-c021def4991b,College,45.12,50.7,67.35374955996825,-16.653749559968247
84d05cd5-d335-409f-aaf0-eeec3711b49f,College,46.8,70.7,68.42293447787523,2.277065522124772
e79dea6c-d978-46bb-b470-ba7c64efe642,High School,42.76,59.8,65.85179931814655,-6.05179931814655
a4ae9d24-ef38-46b6-bdf2-14c2be07f299,College,49.17,68.4,69.93124891563684,-1.5312489156368372
1ed690f3-eb82-48d3-9511-6dc31195c1ee,High School,34.88,54.9,60.836812917487656,-5.936812917487657
933dde2f-959d-43f2-b3aa-15777b12b5e6,College,39.83,69.6,63.98708990774927,5.612910092250722
126f9af7-cf9d-4040-b45e-439b96e33a36,High School,38.58,62.0,63.191565415258964,-1.1915654152589639
3149dde8-2e19-41e8-a924-729a69664cfc,College,47.02,69.1,68.56294678855352,0.5370532114464766
5aaa1be2-be82-48ec-8275-0dceef552020,High School,35.7,56.7,61.3586769845613,-4.658676984561296
9d523124-2701-49d0-835c-0e319e8e2dae,College,53.87,73.5,72.9224210074004,0.577578992599598
dd0a2025-1f8b-4e41-a0fd-f824a9b3f584,High School,32.38,46.6,59.245763932507046,-12.645763932507045
557c5438-437a-4f1e-a26f-76ab09a1217b,College,39.2,71.1,63.58614556353416,7.513854436465834
761b0cfd-d32c-4016-afe2-fe4974c5f033,College,46.52,70.5,68.2447369915574,2.255263008442597
be492d46-2740-4ad3-883a-aacb5ad59fd7,High School,33.18,60.0,59.754899607700835,0.24510039229916458
16594765-e3d4-4d10-bfdd-4c25361d9d56,College,42.21,64.7,65.50176854145082,-0.8017685414508122
05575cbe-9a25-44ff-9a85-44c36f90b777,High School,32.87,59.3,59.55760953356324,-0.25760953356324023
cf08a475-8e85-45ac-8cc9-063c52564fc5,College,41.34,65.2,64.94808349467756,0.25191650532244125
2bd5f19b-9243-405a-8b47-11658bce7657,High School,29.89,57.7,57.66107914346635,0.038920856533650294
676bcad7-4b2e-4f81-8e31-aa37b6d6d787,College,49.6,70.9,70.20490934105351,0.6950906589464978
43d9ff77-6248-443f-a8d3-716d3fdced31,College,44.16,67.7,66.7427867497357,0.9572132502643029
98f82d7a-3022-4788-92b8-8c5f96bfa748,College,48.2,64.0,69.31392190946437,-5.313921909464369
35abfc18-eda4-4b84-9213-414fb641d088,High School,45.4,67.7,67.53194704628608,0.16805295371392504
cae4ab7c-1fb7-4c89-8997-5a4d0ff9fc1a,College,52.2,68.0,71.85960028543334,-3.859600285433345
0759082e-6140-4b06-bd88-5aa025684238,College,41.9,50.2,65.30447846731322,-15.104478467313214
0e65584f-d8bd-49ec-bf0b-4f77520ca824,High School,42.01,61.2,65.37448462265237,-4.174484622652372
322f5abc-acb1-4bad-9cac-a20afd176d5c,College,45.67,56.1,67.70378033666398,-11.60378033666398
8c6b4bde-d55a-4d11-b3f6-5986d3a90dee,High School,33.54,55.9,59.98401066153805,-4.084010661538052
3b899bc9-b075-41f3-afb9-711165990b0a,College,35.58,66.9,61.282306633282225,5.617693366717781
101bb279-8567-4e25-9225-d1f0fec12471,College,41.54,64.4,65.07536741347602,-0.6753674134760104
20b87cd5-55be-4b33-b243-f9f91d750b93,High School,25.9,63.3,55.121764963437286,8.178235036562711
f572a187-fb59-4873-ad4f-f18108b925d2,High School,44.4,66.7,66.89552745229383,-0.19552745229383106
57b109dc-17ad-4a1c-b65e-9f2c60aba2c4,College,38.96,69.0,63.43340486097602,5.566595139023981
76896100-be3b-4731-8588-59eb9f86abad,College,42.52,64.7,65.69905861558841,-0.9990586155884102
8fdbec80-3162-4355-b6f9-7e9496623ae1,College,36.97,60.5,62.16692986893145,-1.6669298689314473
7eb585af-770a-4322-bc03-e12f3ca026f3,College,57.35,68.0,75.13716119449342,-7.137161194493416
8ab94528-857f-422e-b7d7-33e85bbd6219,College,30.19,69.9,57.85200502166403,12.047994978335979
14da3229-f408-4639-a735-3b6c47902979,College,38.8,72.9,63.33157772593726,9.568422274062748
9ffba766-0205-45ea-8ccc-7f9be6eca039,College,42.15,72.5,65.46358336581127,7.0364166341887255
06e4a1b1-5c02-4cd1-bdf7-4e9e2d6f5bed,High School,32.94,58.4,59.6021589051427,-1.2021589051427028
655ef527-4517-47b8-9239-620b789bf3df,College,46.02,75.0,67.92652719456127,7.073472805438726
59e769c3-3383-4d00-b927-1977be21042e,High School,23.62,49.1,53.67072828913497,-4.570728289134969
d05297ad-c766-4c79-b152-c2573ecd7116,College,34.34,66.8,60.49314633673184,6.306853663268157
690ec443-284e-4a6f-93e3-a333d35e13b9,High School,40.3,62.0,64.28620711692562,-2.286207116925624
8a177ec1-bb53-46fd-9745-7430872443bf,College,37.49,67.5,62.49786805780742,5.002131942192577
461e9845-9fcc-4719-a783-13c99de8f966,College,49.63,74.1,70.22400192887328,3.875998071126716
1921179e-9a4e-45bf-a697-ee94c0ade229,College,43.2,68.5,66.13182393950314,2.3681760604968645
77985f59-8f95-4c98-aed3-55cde930a196,College,57.81,70.8,75.42991420772985,-4.629914207729854
a14936c7-f6ce-44e3-906b-6f0af1739df5,College,39.97,68.3,64.0761886509082,4.223811349091804
1d0d88b9-b89a-4d34-99a0-1ad7b0e8366f,College,45.5,73.4,67.5955890056853,5.804410994314708
4e66aa18-8edc-4120-ae5b-38b987a3f7dd,College,46.31,73.5,68.11108887681903,5.388911123180975
0d81e7b4-7585-4fd5-9bd0-d7be2f551c44,High School,27.1,36.7,55.885468476227985,-19.18546847622798
a88f96c6-6e28-4c30-bd49-21993b5d3228,High School,18.86,37.1,50.64137102173188,-13.541371021731877
3cd8631a-9d15-4483-b913-1e616f82c8d7,High School,28.25,45.0,56.617351009319066,-11.617351009319066
7e52605b-e5bd-46c1-a201-2b64cee3916f,High School,17.58,42.9,49.8267539414218,-6.926753941421801
1c4a0cd7-08a0-4e36-94d0-d2167ead0591,High School,22.13,43.6,52.72246309408652,-9.12246309408652
6261df51-a5ff-4521-9e6f-9588bfd95871,High School,20.65,54.8,51.780562094977995,3.019437905022002
433faeba-61a4-452a-a5a8-735360561774,College,52.74,68.7,72.20326686618917,-3.503266866189165
adeac6ab-f6cb-40b5-9aa6-121c308a38c1,College,35.19,67.1,61.03410299162525,6.065897008374748
d7046494-e894-4854-9428-b708fcab8d8b,College,36.01,46.4,61.55596705869889,-15.155967058698891
3fd15fb6-65c2-4f0c-97c0-e36cf4f71778,College,53.21,71.8,72.50238407536551,-0.7023840753655151
9d099023-a97b-45ac-9138-e9bc09afac0c,College,46.09,71.2,67.97107656614074,3.228923433859265
5af2fdbd-c1e4-4cc4-875d-9b9fc454716a,College,40.0,72.5,64.09528123872795,8.40471876127205
a8ab216c-7454-4e72-a9d8-3103cb0186ed,Pro,49.5,63.8,70.14126738165429,-6.341267381654291
e37dbebc-7ae2-412c-9917-c91856a00f27,College,38.59,65.5,63.19792961119889,2.3020703888011127
d0bf3f1b-976c-47d6-8273-d7332c45f1b1,High School,24.41,47.9,54.173499768388844,-6.273499768388845
45e73f1f-f7ea-428f-9630-f23d4d51962f,High School,24.2,64.6,54.03985165365047,10.560148346349521
2ea05811-c5f7-4be7-b5b6-d351f0e29727,College,48.44,72.3,69.4666626120225,2.833337387977494
de62ef34-b5d2-4ce1-8601-26ff24d5baa6,High School,26.11,44.3,55.255413078175664,-10.955413078175667
f06ac2d9-08a3-4397-b6b2-295d0aaf0b05,College,38.14,69.9,62.911540793902375,6.98845920609763
bf3733e5-f20e-4229-9bd3-145db9bacf64,College,40.84,65.2,64.62987369768145,0.5701263023185561
175d4f4c-e2d9-4eb2-b839-a15c73964dd6,High School,26.92,43.7,55.77091294930938,-12.070912949309374
c38dfc0e-3ec3-46ea-9056-3d1c1a9c54c1,High School,21.56,51.6,52.35970392551094,-0.7597039255109408
b39d3237-99d4-4996-b5d5-126154ef98dd,College,43.28,49.8,66.18273750702252,-16.382737507022526
eee4be93-7658-4a8a-85ef-9dc8c80a0fe9,College,47.74,72.6,69.02116889622793,3.5788311037720604
2f7d355c-c920-45a4-b373-d2e494551f04,High School,41.24,70.9,64.88444153527834,6.015558464721664
21583cbb-0b7f-4308-b1a4-59c84a268dd7,College,39.01,74.2,63.46522584067563,10.734774159324374
68e06334-edee-4a57-bb43-0b03b610c05d,College,48.73,70.1,69.65122429428025,0.4487757057197399
f1610ff0-4c3d-48c0-b060-4b264b4a3676,College,46.46,72.2,68.20655181591786,3.9934481840821405
e0dcb5e4-9892-4ad3-87fd-865595802eb2,College,43.58,72.6,66.3736633852202,6.226336614779797
a9d85cad-df9f-4151-ba22-9ea9a9d6ab74,College,43.81,71.3,66.52003989183841,4.779960108161589
098076df-dbac-4188-a150-9ea90f6fb41d,College,35.19,66.1,61.03410299162525,5.065897008374748
e209ad98-988c-468b-b6c5-5349d114edfa,College,37.22,66.7,62.326034767429505,4.373965232570498
03b62246-3758-438c-a654-d8eee68b6553,High School,29.49,62.6,57.40651130586945,5.193488694130551
7c95082c-e335-4950-99f9-b4a668cd6b1e,High School,31.09,63.1,58.424782656257044,4.675217343742958
0dc08264-a182-4c65-a0e3-087e816e8788,College,45.55,64.1,67.62740998538492,-3.527409985384921
01e3dc73-034a-439c-a3e0-6a815197c02f,High School,27.49,40.3,56.133672117884956,-15.833672117884959
ab2591b4-45fb-4def-8811-fd4ec4dc018a,High School,36.43,59.9,61.82326328817564,-1.9232632881756402
e6b7c568-89ae-44ce-b705-46a02adfba54,College,54.6,71.9,73.38700731101474,-1.487007311014736
57b109dc-17ad-4a1c-b65e-9f2c60aba2c4,College,39.14,72.7,63.54796038789462,9.152039612105384
17ddae77-d934-438e-accc-83b19aceb378,College,42.79,69.8,65.87089190596632,3.9291080940336798
79900e57-168c-4f57-8da6-7fcc54654d98,High School,16.52,46.7,49.15214917179002,-2.452149171790019
59b95e48-9c37-4d32-9ec1-437ea3aa9fa9,College,40.91,70.6,64.6744230692609,5.925576930739098
ebd69af8-2c7b-4fba-967c-09d0c4b97b77,High School,30.97,60.7,58.34841230497797,2.351587695022033
28c968a5-e8de-4ad0-b712-421db00aa2fa,High School,22.15,56.0,52.73519148596637,3.264808514033632
16594765-e3d4-4d10-bfdd-4c25361d9d56,College,43.83,65.5,66.53276828371826,-1.032768283718255
fb586199-e0fd-4459-bb63-2cbd4f5a4d78,College,40.35,68.6,64.31802809662524,4.281971903374753
a2561b4d-c6ea-40a6-a745-9e74699a6741,College,47.56,72.3,68.90661336930933,3.393386630690671
7d765fee-8b49-4ffe-82f8-cc6c9f52f5b3,College,40.16,70.9,64.19710837376671,6.702891626233296
f79944ff-a4b6-47eb-9a57-53d119893f21,College,40.42,53.7,64.3625774682047,-10.662577468204702
e1a44c2d-2f7c-479a-8adb-3026c5bbccd4,High School,27.84,51.0,56.35641897578225,-5.356418975782248
c6101100-edd3-4c79-b307-0683df454c1b,College,51.49,65.0,71.40774237369885,-6.407742373698852
49f4f042-fb5e-4567-8915-05c78bb0d440,College,57.08,68.1,74.96532790411551,-6.865327904115517
b8aa5dcc-a519-4e61-90b2-46524c7549e2,High School,25.57,56.1,54.91174649741985,1.188253502580153
7d93c6f3-2867-439c-8b29-60f59b0c1ee5,College,50.8,65.7,70.9686128538442,-5.268612853844203
ea84f8d8-6759-42ff-ab1a-1840c5668359,High School,34.98,56.2,60.90045487688688,-4.70045487688688
c30e2a5a-3ccf-41cc-930a-5169e5c75563,College,45.49,65.8,67.58922480974539,-1.7892248097453916
7ada7685-09e5-47c2-8b3f-f8f3ac89400a,College,38.96,62.7,63.43340486097602,-0.733404860976016
82b84b27-b40a-4d66-bd23-3a59e3705efe,High School,40.38,62.4,64.33712068444501,-1.9371206844450128
0468cc13-4cce-4360-a8af-cb1afba8e280,College,40.31,67.7,64.29257131286555,3.4074286871344555
5f81fb1d-5514-4046-9533-b9cf6b6d8ab2,High School,26.18,60.8,55.299962449755114,5.500037550244883
52a22d31-a87f-4617-947d-a4e44cb8f469,College,40.31,61.9,64.29257131286555,-2.392571312865549
1c18a230-3493-4e34-9985-94694e41228e,College,43.94,72.9,66.6027744390574,6.297225560942607
46d62112-adb8-445b-aba4-265d7e557b5e,College,39.04,64.7,63.4843184284954,1.2156815715046037
7098d3d2-e7b2-4d71-af2a-93694097799d,College,33.31,67.6,59.837634154919826,7.7623658450801685
b955fde9-f80e-4e1c-afcf-a4eb19ef9b6e,High School,35.28,50.4,61.09138075508456,-10.691380755084559
5353f95e-ce4b-4a7b-833c-28cf80b2d41b,High School,34.13,62.4,60.359498221993476,2.040501778006522
bdcd031e-4d0e-4deb-8c36-1e189acf457a,High School,34.86,56.9,60.82408452560781,-3.9240845256078103
9ab613e7-fdd9-4ae7-bbd1-aa322babfefc,High School,36.09,62.6,61.60688062621827,0.993119373781731
3171efea-1713-4089-bb9e-27a603f3d2ae,High School,35.99,60.7,61.54323866681905,-0.8432386668190475
3bc5ee98-a0e8-4d95-87f1-099a40f5ae12,High School,36.02,48.6,61.56233125463882,-12.96233125463882
8b2d1880-fb9f-45f7-aa50-59b759b01d0a,College,37.34,59.3,62.402405118708586,-3.102405118708589
892c90c6-c255-45f7-8053-2d54fce4634a,High School,33.03,65.0,59.659436668602,5.340563331398002
479aafe8-4330-454e-a467-3ad5f1d78fd4,College,43.62,73.2,66.39912016897988,6.800879831020126
f073c052-8e40-4a57-8c1a-df655fa0104f,High School,40.53,54.3,64.43258362354385,-10.132583623543852
afc658e6-e9eb-4f21-858e-cfa287d5ac9b,College,54.88,71.1,73.56520479733257,-2.465204797332575
a0277b69-aa72-4faa-b7d7-9bfdd290f216,High School,30.2,61.7,57.85836921760394,3.8416307823960594
8ec56890-f5d1-4b19-98a3-c1b4afe97740,High School,27.4,59.6,56.07639435442566,3.5236056455743423
f5b35680-8e5c-479b-8ef5-7eeba62ef5ec,High School,32.26,63.4,59.16939358122797,4.230606418772027
0fe781bf-2f44-4b0e-af16-4f753becc886,High School,43.71,62.9,66.45639793243919,-3.5563979324391894
0e7dd4b3-51f3-4d42-8eb9-64b59704850d,High School,39.59,59.7,63.83434920519113,-4.134349205191128
58f9b14c-8ac5-485a-af4f-50b918036353,College,43.34,66.2,66.22092268266206,-0.020922682662060765
7845b762-4cb8-426b-ad8c-7879afa1dc48,College,40.63,75.3,64.49622558294307,10.803774417056928
a24f33fa-2a6c-4289-bb99-1119c4ec503c,College,36.65,67.1,61.963275598853926,5.136724401146068
14da3229-f408-4639-a735-3b6c47902979,College,43.69,77.0,66.44366954055934,10.556330459440659
a53c1564-5528-4218-92b3-fd7263da24dc,High School,42.14,62.4,65.45721916987137,-3.0572191698713667
f18313fb-c8cb-409b-b23a-283b16e587ab,College,40.97,69.7,64.71260824490042,4.98739175509958
8625b846-37af-491c-8375-0403ae7991aa,High School,29.83,54.6,57.62289396782681,-3.0228939678268105
4cc268db-8f1c-4cc2-8f16-b24cfa53c109,High School,19.16,50.5,50.83229689992955,-0.3322968999295526
1d8d1e61-024b-4eaa-8dd3-35202ca77318,High School,34.62,63.4,60.67134382304967,2.728656176950331
51768226-d953-4d9f-b972-1490654b29e9,College,31.26,71.2,58.53297398723573,12.667026012764275
932e9341-6f9d-4f76-91ea-cdd162c0a488,High School,42.63,67.9,65.76906477092756,2.130935229072449
6d1e2fda-8fba-4a27-a288-a04217149a93,High School,44.06,64.0,66.67914479033647,-2.6791447903364656
47a7fe0c-5f0a-410a-881c-47111ecca16a,Pro,34.67,67.0,60.703164802749285,6.296835197250715
e0e1b11d-ecd9-4dbf-916d-42e05177b6c3,College,31.91,62.8,58.94664672333069,3.85335327666931
557c5438-437a-4f1e-a26f-76ab09a1217b,College,41.08,70.9,64.78261440023958,6.117385599760425
3c11374d-2a50-4bc9-bd10-7519ceb1a6b5,High School,37.45,61.2,62.47241127404773,-1.2724112740477267
6f386d1f-1093-42ba-85e5-1c96b4ccfd7c,High School,44.19,62.5,66.76187933755546,-4.261879337555456
641bd7f3-0ecb-4ee7-99c6-99d86f4ce48f,College,42.09,64.7,65.42539819017175,-0.7253981901717452
27f8d3d4-5ab5-445d-8b06-626ac8d84a9c,College,46.66,71.7,68.3338357347163,3.3661642652837003
1d0d88b9-b89a-4d34-99a0-1ad7b0e8366f,College,50.87,75.8,71.01316222542366,4.786837774576341
a68e16ee-9583-4e43-a240-a2be3cb9feb9,College,32.24,64.1,59.15666518934813,4.943334810651862
ec25b053-0fc0-4cf2-a6ee-9611954e8fb0,College,35.58,62.8,61.282306633282225,1.517693366717772
a0fa354b-053b-44cf-b351-e0925f856a5a,High School,31.83,60.5,58.8957331558113,1.6042668441887002
78ff165f-2a2d-48f9-99fe-0ffa5beed8cd,College,38.51,59.5,63.14701604367951,-3.647016043679507
1c7f70e1-2fc7-4397-9215-ce210ada2f3a,High School,32.36,60.7,59.2330355406272,1.4669644593728037
dd557321-a2da-42f9-9d6b-bdb3db1c4196,College,45.29,63.6,67.46194089094693,-3.861940890946933
c235dd9c-3292-428f-af2e-3530a85d8c5b,High School,38.27,51.0,62.994275341121366,-11.994275341121366
7c4e568b-717d-4c48-9dae-3e642139386c,College,50.31,68.0,70.656767252788,-2.6567672527880006
8f5291fb-869f-4460-bd67-49224d7f0aff,College,46.12,67.6,67.9901691539605,-0.39016915396049967
a4ae9d24-ef38-46b6-bdf2-14c2be07f299,College,45.94,73.7,67.8756136270419,5.824386372958102
cae4ab7c-1fb7-4c89-8997-5a4d0ff9fc1a,College,51.33,72.3,71.3059152386601,0.9940847613398915
933dde2f-959d-43f2-b3aa-15777b12b5e6,College,37.78,64.9,62.68242974006517,2.2175702599348384
c777c1fe-cead-46a8-91bd-2ed727d5df8e,High School,39.4,70.8,63.7134294823326,7.086570517667397
5779c278-e820-48bf-8acb-bdc5985b70ac,College,41.33,62.9,64.94171929873764,-2.0417192987376396
61c4331a-055a-4b46-b572-00c6beedb6ed,College,38.32,63.0,63.02609632082098,-0.02609632082098301
62d30d17-1c11-4715-a173-e8ac8eef14e4,College,50.35,64.1,70.6822240365477,-6.5822240365477
7106a34e-6595-41bf-a656-eeaef90c3ab5,College,47.95,67.8,69.15481701096631,-1.3548170109663147
67ec0bd6-f1ce-4334-a5e3-b4293b0ab578,College,37.68,68.5,62.61878778066594,5.88121221933406
b57dca79-dfa8-40d3-99b9-b3ab9edd12cd,High School,49.75,63.2,70.30037228015235,-7.100372280152342
b3f85c7b-9ee6-463e-bcb1-7cca8884e946,High School,35.49,54.7,61.22502886982292,-6.525028869822918
a0b08990-9cd6-4b40-874a-3c64b30d1627,High School,31.45,64.0,58.65389371009425,5.346106289905748
293a3548-cfa7-45af-a987-1b73a84eb3f6,High School,30.69,60.4,58.17021481866014,2.2297851813398566
7eb585af-770a-4322-bc03-e12f3ca026f3,College,57.88,64.4,75.47446357930932,-11.07446357930931
0296f824-1762-495e-9f13-8a877b563a00,High School,42.38,59.2,65.6099598724295,-6.409959872429496
cd5e70bb-5485-4235-bf32-02f20f19fff8,College,39.04,70.5,63.4843184284954,7.015681571504601
133851e3-7b28-410b-abf5-b0f5b2b20682,College,44.43,69.2,66.9146200401136,2.2853799598863986
59b95e48-9c37-4d32-9ec1-437ea3aa9fa9,College,39.83,68.7,63.98708990774927,4.7129100922507305
a14936c7-f6ce-44e3-906b-6f0af1739df5,College,41.35,68.1,64.95444769061749,3.1455523093825093
43d9ff77-6248-443f-a8d3-716d3fdced31,College,45.13,56.1,67.36011375590817,-11.260113755908172
adeac6ab-f6cb-40b5-9aa6-121c308a38c1,College,36.32,71.6,61.75325713283649,9.846742867163506
f0f2efd3-cd87-4a61-b81a-287998239c8c,High School,36.84,54.6,62.08419532171246,-7.4841953217124555
5e3ee836-6145-44af-8afc-83d42721e506,High School,37.4,53.9,62.44059029434811,-8.540590294348114
ecd97284-067d-433f-b0c7-e12a50782a25,Pro,41.26,67.2,64.89716992715819,2.3028300728418145
7d765fee-8b49-4ffe-82f8-cc6c9f52f5b3,College,39.44,70.0,63.738886266092294,6.261113733907706
e0dcb5e4-9892-4ad3-87fd-865595802eb2,College,44.16,71.6,66.7427867497357,4.857213250264294
10e81ca1-9ed2-45a6-ac46-ea177e5ace5d,High School,34.06,58.8,60.31494885041401,-1.5149488504140152
f640e643-46cb-42bf-8139-c88ec7c1443c,Pro,37.1,72.1,62.24966441615044,9.850335583849557
59e769c3-3383-4d00-b927-1977be21042e,High School,30.19,44.1,57.85200502166403,-13.752005021664026
1cb2ec3a-6515-4231-a3c6-c66b7cb019df,High School,37.07,56.3,62.230571828330675,-5.930571828330677
098076df-dbac-4188-a150-9ea90f6fb41d,College,39.21,64.5,63.59250975947408,0.9074902405259166
3fd15fb6-65c2-4f0c-97c0-e36cf4f71778,College,57.05,73.5,74.94623531629574,-1.4462353162957413
3e30a443-851e-4e3d-86a3-ff23ee278e28,High School,39.42,66.0,63.72615787421245,2.273842125787553
0b7344f9-01de-44de-bc19-6a8e11be8a32,High School,38.47,63.5,63.12155925991982,0.3784407400801797
9429611d-b508-482a-a25e-1d1d2017349b,College,38.96,68.7,63.43340486097602,5.266595139023984
b5c3d0ed-f671-40df-a4ef-e71eafa28295,College,42.81,63.6,65.88362029784616,-2.283620297846163
6f6adf6f-5132-4cf0-847b-5114f93f9ace,High School,37.78,65.5,62.68242974006517,2.8175702599348327
b99d4278-628c-4464-860b-fd46ea130c3e,College,55.93,64.8,74.23344537102443,-9.433445371024433
54f1387d-a4b0-471e-a855-1bb78b3e85f5,High School,40.42,71.3,64.3625774682047,6.937422531795292
d83aec3e-6fdc-4f27-a777-82d4ba21d9c5,College,50.25,66.0,70.61858207714847,-4.618582077148474
8663c08f-a037-411b-b330-e7d728e5c9d6,High School,35.05,71.8,60.94500424846633,10.854995751533664
46bcab4a-a415-4e49-9554-06be63cf8937,High School,41.21,59.2,64.86534894745857,-5.665348947458568
7ad5adc6-1ba0-4cfb-ab9d-61759077e0dd,College,33.81,57.0,60.155843951915955,-3.155843951915955
a7f5385e-417e-4ce8-9025-2292611fa318,Pro,39.79,72.1,63.961633123989586,8.138366876010409
89d9ac05-56b2-4872-991f-c0e079473e59,College,49.75,71.4,70.30037228015235,1.0996277198476605
c777c1fe-cead-46a8-91bd-2ed727d5df8e,High School,38.93,69.0,63.414312273156256,5.585687726843744
d6caf525-b4b3-4404-9d67-77db54928247,College,49.99,68.9,70.4531129827105,-1.5531129827104877
ecd97284-067d-433f-b0c7-e12a50782a25,Pro,40.85,67.8,64.63623789362137,3.163762106378627
47a7fe0c-5f0a-410a-881c-47111ecca16a,Pro,37.52,68.8,62.51696064562719,6.283039354372811
8ec56890-f5d1-4b19-98a3-c1b4afe97740,High School,30.95,60.8,58.33568391309813,2.464316086901867
a0fa354b-053b-44cf-b351-e0925f856a5a,High School,37.06,56.0,62.22420763239075,-6.224207632390751
55b67320-64f4-44c0-905e-b2faae07fb86,College,45.98,63.1,67.90107041080158,-4.801070410801579
07d20ecb-7bee-4077-b668-b614f6b56f0e,Pro,49.06,74.7,69.8612427602977,4.8387572397023035
70ffd727-f23b-4b7b-b3d9-c969930f862c,Pro,41.14,76.2,64.82079957587911,11.379200424120896
ce3528f4-aaf6-404f-800c-a65e3a02cb89,Pro,50.24,68.0,70.61221788120855,-2.612217881208551
4d7e849c-15bd-41d8-9272-c122c83149b3,Pro,51.52,72.0,71.42683496151864,0.5731650384813634
78ff165f-2a2d-48f9-99fe-0ffa5beed8cd,College,39.88,66.3,64.01891088744888,2.281089112551115
31ef25a1-9c6b-4f5e-8c7c-7f081805e8e3,College,32.44,57.5,59.28394910814657,-1.7839491081465724
6945a975-cdcf-4d49-b8e3-beb089c36fcb,Pro,49.34,68.7,70.03944024661553,-1.3394402466155242
b57dca79-dfa8-40d3-99b9-b3ab9edd12cd,High School,52.95,65.1,72.33691498092753,-7.236914980927537
f7febe62-e1cf-4bb4-9b89-fce586b97e9d,Pro,47.56,63.2,68.90661336930933,-5.7066133693093235
8b46b19d-e0b4-44f2-8b24-e62fa0b1161c,College,42.22,67.7,65.50813273739074,2.1918672626092643
66baa6e2-0f96-4fd7-8f35-1b7840064820,High School,37.36,63.2,62.415133510588426,0.7848664894115771
6f6adf6f-5132-4cf0-847b-5114f93f9ace,High School,36.4,70.4,61.80417070035587,8.595829299644137
d83aec3e-6fdc-4f27-a777-82d4ba21d9c5,College,52.81,71.1,72.24781623776863,-1.1478162377686374
1d8d1e61-024b-4eaa-8dd3-35202ca77318,High School,34.82,62.0,60.79862774184812,1.2013722581518778
9c82b9cc-3ed8-4306-8736-f0f6cd29a2a0,College,28.14,55.6,56.54734485397992,-0.9473448539799207
932e9341-6f9d-4f76-91ea-cdd162c0a488,High School,44.41,67.3,66.90189164823376,0.3981083517662398
7bf7bced-a982-4987-be1a-4fbf2a4ab68c,High School,41.16,59.3,64.83352796775895,-5.533527967758957
8934548c-9fb0-4c85-8d9f-894533487d92,High School,46.76,66.8,68.39747769411554,-1.5974776941155397
2c745a99-008f-463b-bced-7541adc3cd30,Pro,39.81,69.9,63.97436151586943,5.925638484130573
86e2a7a9-3392-4a49-8d1f-30a71c7fd288,College,31.73,57.0,58.83209119641208,-1.8320911964120796
59b95e48-9c37-4d32-9ec1-437ea3aa9fa9,College,40.46,69.0,64.38803425196438,4.611965748035615
a14936c7-f6ce-44e3-906b-6f0af1739df5,College,42.25,64.3,65.52722532521051,-1.2272253252105116
8663c08f-a037-411b-b330-e7d728e5c9d6,High School,31.54,70.7,58.71117147355355,11.988828526446454
3f88319c-a0ef-4270-9fae-3d2f1fdb5221,Pro,44.89,67.7,67.20737305335004,0.4926269466499633
f8ba6e50-62f3-4852-9465-5e5ec58e979b,High School,28.49,49.3,56.7700917118772,-7.470091711877203
94807019-34af-4dfa-bc90-db16cdb1a766,High School,26.94,58.0,55.783641341189224,2.216358658810776
a538b5e7-d774-4288-8f00-6dea5206c705,Pro,50.95,69.7,71.06407579294304,-1.3640757929430407
bc0f1961-d401-407f-b1f0-fc28e8d1e01a,High School,21.13,45.3,52.08604350009428,-6.78604350009428
f476ef23-8fd2-435a-8e17-b7db9e5be64f,High School,31.52,55.8,58.69844308167371,-2.8984430816737117
24c1545f-2a75-46dd-a688-aaa9c1bd2e6f,High School,41.17,55.3,64.83989216369888,-9.53989216369888
cce32d27-50f1-402e-ab25-ba3edc747afc,High School,40.59,57.0,64.47076879918339,-7.470768799183389
12905ee2-9d1d-465c-a3da-7d03138fee91,High School,30.69,51.0,58.17021481866014,-7.170214818660142
9b6e6f15-ca88-4cb1-9214-f59c030b2f16,High School,46.71,66.7,68.36565671441592,-1.665656714415917
45e73f1f-f7ea-428f-9630-f23d4d51962f,High School,27.22,65.1,55.96183882750705,9.138161172492943
ab16c44c-23dd-4af2-b9bf-0520f60e3727,High School,32.41,59.0,59.2648565203268,-0.26485652032680207
2cb5fecd-23ed-4d25-9547-194cdca0db68,High School,41.25,61.5,64.89080573121826,-3.390805731218265
e7c4f4e4-a344-47cd-b284-30bc6acbd9cd,Pro,44.28,75.9,66.81915710101477,9.080842898985239
59e769c3-3383-4d00-b927-1977be21042e,High School,26.88,50.7,55.74545616554968,-5.04545616554968
bf3733e5-f20e-4229-9bd3-145db9bacf64,College,37.44,68.0,62.466047078107806,5.533952921892194
49dce157-8399-49c9-989d-02e2ced2de90,High School,37.42,58.5,62.45331868622796,-3.9533186862279592
a888611d-cd1a-4d7f-9712-1119c5f433c5,High School,38.61,55.9,63.210658003078734,-7.310658003078736
f846698c-c726-42a7-a5db-effb88806895,High School,34.33,53.6,60.48678214079192,-6.886782140791915
8ecb6721-06ae-4987-a759-a79199e60be3,Pro,40.06,68.6,64.13346641436749,4.466533585632504
14268802-b329-445c-9703-5d916ae7596e,High School,34.38,56.9,60.518603120491534,-3.618603120491535
c20ef36c-cd2b-46df-b5a9-da9a70029de7,High School,36.47,63.0,61.848720071935325,1.1512799280646746
cad8956e-aaa6-45a6-a9f6-a54fcb0fcb4f,High School,24.26,29.7,54.078036829290006,-24.378036829290007
1fe75942-3e30-4f34-a7a1-fea8f4907271,High School,24.45,62.0,54.19895655214853,7.80104344785147
e49696e5-da2e-41ac-acfe-b294ba2a8893,High School,44.18,69.4,66.75551514161555,2.644484858384459
45e73f1f-f7ea-428f-9630-f23d4d51962f,High School,28.27,65.1,56.63007940119891,8.469920598801082
2c7eaa37-9053-437c-8a69-5e77717b1c3e,High School,34.05,55.2,60.30858465447409,-5.108584654474086
01ee0b01-001e-4432-90ed-545dbeb4fc8b,High School,19.87,35.1,51.284154811664045,-16.184154811664044
c07889a9-0eee-4f1a-9dc0-9071ad80a258,High School,31.0,48.0,58.36750489279774,-10.36750489279774
05575cbe-9a25-44ff-9a85-44c36f90b777,High School,32.64,57.5,59.41123302694503,-1.9112330269450268
47a7fe0c-5f0a-410a-881c-47111ecca16a,Pro,36.92,67.5,62.13510888923184,5.364891110768163
1f8f6165-f4e0-4a5c-8b17-cefcd7b89a65,High School,32.16,44.6,59.105751621828745,-14.505751621828743
b3a6b471-cdd8-4362-95f3-b75c80ffca1a,High School,31.15,51.7,58.46296783189658,-6.7629678318965745
8e5d21eb-2e61-44ca-bba7-5386a47d6ad1,High School,30.75,56.7,58.20839999429968,-1.5083999942996797
259c7e3c-d2d7-4532-ad20-dda5dda780e4,High School,38.02,55.4,62.83517044262331,-7.43517044262331
7c830052-b89f-4797-98b4-48795050361f,High School,18.63,29.0,50.49499451511366,-21.49499451511366
e7eced52-16c8-48e0-8b49-302a0fc691e8,High School,28.33,48.4,56.668264576838446,-8.268264576838448
a2b6b021-1bf5-43b3-be94-acc92766806d,High School,34.89,41.9,60.84317711342758,-18.94317711342758
bdc278a1-6630-4a58-b9b4-798a1084d8f6,High School,31.44,54.3,58.64752951415433,-4.347529514154331
b616a607-ae07-4c33-a41e-ca50b230286e,High School,38.65,52.0,63.23611478683842,-11.23611478683842
4ef9567c-3bde-482d-a5e2-aef5c697af76,High School,36.4,58.3,61.80417070035587,-3.5041707003558713
d0bf3f1b-976c-47d6-8273-d7332c45f1b1,High School,25.76,51.7,55.03266622027837,-3.3326662202783695
2cb5fecd-23ed-4d25-9547-194cdca0db68,High School,42.1,61.5,65.43176238611167,-3.9317623861116715
8661c103-ad46-4832-aac7-281aaf2a8bfd,High School,44.95,65.0,67.24555822898958,-2.24555822898958
2a8acdeb-26f1-42d2-a2fc-b2ec00c07101,High School,45.3,60.4,67.46830508688686,-7.068305086886859
345524f6-d9b7-43a0-ace0-289d4891c123,High School,25.66,51.2,54.96902426087915,-3.7690242608791493
c8769f85-2fb7-4afd-878e-deea772cd001,High School,30.72,64.2,58.18930740647991,6.0106925935200906
41c8c983-ea66-46e4-a08d-50d89b763e4c,High School,39.34,65.2,63.675244306693074,1.524755693306929
a1cfe1b7-9464-4bb1-9444-19502ecad2e4,High School,43.31,54.2,66.2018300948423,-12.00183009484229
4854b74c-d3cc-493b-8fee-f294e9ec48b0,High School,44.23,62.3,66.78733612131515,-4.487336121315153
b5c3d0ed-f671-40df-a4ef-e71eafa28295,College,43.85,66.8,66.5454966755981,0.25450332440189527
4f64200e-e888-4d49-a8aa-5d7736925fc7,High School,23.74,21.4,53.74709864041404,-32.34709864041404
fedefbb4-167b-42c0-bfc7-a22c661afb1d,High School,38.72,55.8,63.28066415841788,-7.480664158417881
14c52b9b-1fa0-43f4-b0cc-8b364062891b,High School,32.01,59.5,59.01028868272991,0.48971131727009265
400ecdf5-8b6b-4e6a-8b99-09580ee302d3,High School,30.03,50.8,57.750177886625266,-6.950177886625269
7ef74f25-1eb1-49de-9ce2-e378c7d5c36f,High School,42.08,58.9,65.41903399423182,-6.519033994231826
28c968a5-e8de-4ad0-b712-421db00aa2fa,High School,23.45,36.6,53.56253695815629,-16.962536958156285
8fb0b3bc-d139-4d1e-bc47-4890b252431f,High School,41.12,51.5,64.80807118399926,-13.30807118399926
8ec56890-f5d1-4b19-98a3-c1b4afe97740,High School,30.26,61.8,57.89655439324348,3.90344560675652
a0fa354b-053b-44cf-b351-e0925f856a5a,High School,37.1,59.3,62.24966441615044,-2.9496644161504406
ca84654a-d51b-406f-a3ac-945470f64260,High School,22.59,44.4,53.015216107322956,-8.615216107322958
0bdccf12-9400-421b-90c9-47f6f6f6487e,High School,40.22,59.6,64.23529354940625,-4.635293549406249
14afd9ce-48e0-4a2f-936c-32f21489f8be,High School,26.08,58.2,55.236320490355894,2.963679509644109
c551e25a-4974-46bc-bf1d-a131e85fd625,Pro,37.05,63.9,62.21784343645083,1.6821565635491709
1cb2ec3a-6515-4231-a3c6-c66b7cb019df,High School,35.59,60.0,61.288670829222156,-1.2886708292221556
5e689ad9-e62c-4bba-b9a6-05f15d6cd853,Pro,41.31,69.2,64.92899090685779,4.2710090931422116
87f3c877-ad06-48ee-9c6a-38470c46356d,High School,34.85,52.7,60.81772032966789,-8.11772032966789
c38dfc0e-3ec3-46ea-9056-3d1c1a9c54c1,High School,24.15,53.4,54.008030673950856,-0.6080306739508572
71a52136-caa3-4f03-9b00-6affdcbf99ca,High School,34.18,51.9,60.39131920169308,-8.49131920169308
55b67320-64f4-44c0-905e-b2faae07fb86,College,45.89,64.0,67.84379264734228,-3.8437926473422834
93d2b24d-3c68-4736-bc37-f3a83cea7a51,High School,28.18,48.8,56.57280163773961,-7.772801637739612
b87d6077-4130-4434-9079-ead3177c6003,High School,40.22,52.0,64.23529354940625,-12.23529354940625
d34f6c2b-455e-45ac-a068-2febc226bf4e,High School,32.63,59.1,59.4048688310051,-0.304868831005102
5e639fb9-4889-4c34-8468-266b2fee75a3,High School,32.61,58.1,59.39214043912526,-1.2921404391252551
7758669c-fad9-433a-bbab-cec6149dd8d9,High School,49.93,65.5,70.41492780707095,-4.914927807070953
ceaf0727-74fc-45a1-93ad-85ecc2776312,High School,45.92,60.7,67.86288523516205,-7.162885235162051
cdb3952f-891b-48ee-88a2-862111ad1304,College,34.38,55.8,60.518603120491534,-4.718603120491537
ce3d3e45-c7ae-4187-b83d-eca9d7eceacf,High School,26.03,46.7,55.20449951065628,-8.504499510656274
cf50cb73-996c-4a79-ab4f-c133d7a0737d,College,39.48,63.2,63.76434304985199,-0.5643430498519848
a16e4367-8c96-4ae0-b9f6-949e81225525,College,48.05,72.7,69.21845897036553,3.481541029634471
7eb585af-770a-4322-bc03-e12f3ca026f3,College,56.16,68.1,74.37982187764264,-6.279821877642647
b57dca79-dfa8-40d3-99b9-b3ab9edd12cd,High School,51.53,64.9,71.43319915745855,-6.53319915745854
83855b2e-be94-4aac-89db-0353b3c40bce,College,37.6,60.2,62.56787421314657,-2.367874213146564
e38ee49b-56b9-402e-9500-26034e2f52d1,Pro,37.88,72.0,62.746071699464395,9.253928300535605
22ce8c43-c93e-4780-841c-376884056e71,Pro,41.89,66.7,65.2981142713733,1.4018857286267092
4e1af3db-6ccc-40d6-a94b-3ab3afa010b8,College,34.98,53.6,60.90045487688688,-7.3004548768868816
a521cf70-f66b-4f4e-a49f-0f18177e6080,College,43.7,73.0,66.45003373649926,6.549966263500735
4b5da437-c3fd-465d-9362-2c7d5fac5967,Pro,46.64,70.2,68.32110734283647,1.878892657163533
16a5cd52-6be1-42c8-8700-e55024c20260,Pro,46.86,64.0,68.46111965351476,-4.461119653514757
7d93c6f3-2867-439c-8b29-60f59b0c1ee5,College,50.52,79.5,70.79041536752638,8.709584632473621
80944f5e-5fc8-406e-9469-c6e8e28bced3,College,51.21,67.6,71.22954488738102,-3.62954488738103
70ffd727-f23b-4b7b-b3d9-c969930f862c,Pro,42.3,77.7,65.55904630491011,12.140953695089891
07d20ecb-7bee-4077-b668-b614f6b56f0e,Pro,50.23,73.3,70.60585368526863,2.69414631473137
56254c40-279d-4fd1-a79d-80ab8cba455e,College,43.26,70.5,66.17000911514268,4.329990884857324
10e81ca1-9ed2-45a6-ac46-ea177e5ace5d,High School,35.36,62.6,61.14229432260393,1.4577056773960706
a97a18af-94c0-4c92-86d1-c7c001a62c26,High School,43.6,67.5,66.38639177710004,1.1136082228999555
18bbd336-700e-4471-b080-d188e1f86acb,College,40.36,71.5,64.32439229256516,7.1756077074348354
8663c08f-a037-411b-b330-e7d728e5c9d6,High School,34.9,66.7,60.849541309367496,5.850458690632507
f18313fb-c8cb-409b-b23a-283b16e587ab,College,42.2,70.4,65.49540434551089,4.904595654489114
c9e44408-af89-4d4c-b74f-0b646af4dca9,College,54.58,70.1,73.3742789191349,-3.2742789191349004
7aa494f6-2d77-44ec-b585-49c3dfe9ef6b,Pro,59.09,67.9,76.24453128803992,-8.344531288039917
33f6576b-8a53-4297-9bdc-bfb41d00b9bc,Pro,40.44,69.3,64.37530586008454,4.924694139915459
8007d905-9d7f-43a9-8f92-7e3bd16a8372,Pro,53.3,73.4,72.55966183882482,0.8403381611751826
3853a4f7-0647-4383-9db7-944099ee289c,College,57.57,73.6,75.2771735051717,-1.6771735051717087
bf22518a-49a4-49a4-8d3d-1c293494ea0f,College,49.27,60.0,69.99489087503608,-9.994890875036077
190c20a2-1536-4dbf-a3b9-0f995919345b,High School,33.1,62.0,59.70398604018146,2.296013959818538
3f723745-a376-4761-8307-2cb41618089a,College,54.26,61.1,73.17062464905737,-12.070624649057372
3f88319c-a0ef-4270-9fae-3d2f1fdb5221,Pro,45.11,74.4,67.34738536402833,7.052614635971679
69070054-9a30-4949-9868-89ddde0c98d2,College,46.41,62.3,68.17473083621825,-5.874730836218248
376ec39f-ff1a-4081-b714-9bd549b988df,High School,37.7,59.9,62.63151617254579,-2.7315161725457884
43e712c9-a81d-4fdc-a4ae-0b6ef8035f13,College,50.75,69.7,70.9367918741446,-1.2367918741446005
27f8d3d4-5ab5-445d-8b06-626ac8d84a9c,College,36.41,73.4,61.81053489629579,11.589465103704214
1b67dfca-b6be-4156-8f08-8b65145634d0,College,34.7,64.9,60.722257390569055,4.17774260943095
f1feddb3-f5c1-4498-b72c-74a807d2fac7,High School,40.9,59.4,64.66805887332097,-5.2680588733209746
4cb1e703-cec0-4d5b-b376-67b4f55e5480,College,44.53,71.3,66.97826199951282,4.321738000487173
133851e3-7b28-410b-abf5-b0f5b2b20682,College,46.58,70.5,68.28292216719693,2.2170778328030707
e24f29b6-b8e8-473d-8044-bf5779893afb,High School,44.79,65.3,67.1437310939508,-1.843731093950808
89d9ac05-56b2-4872-991f-c0e079473e59,College,52.92,77.2,72.31782239310778,4.882177606892228
59e769c3-3383-4d00-b927-1977be21042e,High School,29.31,52.7,57.29195577895085,-4.591955778950847
33ddd04a-5aa5-45aa-ba6d-179e8a9faaee,College,40.54,70.2,64.43894781948376,5.761052180516245
a4ae9d24-ef38-46b6-bdf2-14c2be07f299,College,51.16,74.6,71.19772390768142,3.402276092318573
05575cbe-9a25-44ff-9a85-44c36f90b777,High School,35.32,56.5,61.116837538844244,-4.616837538844244
f2e9a11f-3be9-4d03-972a-4331986c07a9,Pro,48.05,75.0,69.21845897036553,5.781541029634468
918e84f8-f308-4da9-ab24-83e781c063d7,College,48.19,65.7,69.30755771352445,-3.607557713524443
eda80943-7453-4dfb-b4ed-c4566a632997,High School,38.04,58.5,62.847898834503155,-4.347898834503155
c6d8f141-932e-4e01-accf-b528a1195c65,Pro,41.37,66.0,64.96717608249733,1.032823917502668
b6b2938a-5a11-46b9-91d2-e05b24b06f3e,College,41.08,73.9,64.78261440023958,9.117385599760425
eee4be93-7658-4a8a-85ef-9dc8c80a0fe9,College,51.29,70.7,71.28045845490041,-0.580458454900409
c0c0b1f5-b353-4244-a9b3-e74e0d31f576,High School,30.75,60.7,58.20839999429968,2.4916000057003203
7a2f46d6-7d06-409a-a6c3-ff0ade36e8de,College,49.84,72.3,70.35765004361166,1.942349956388341
2db65e30-03e0-44c8-b751-39fe1e6f395e,College,34.64,66.8,60.684072214929515,6.1159277850704825
66baa6e2-0f96-4fd7-8f35-1b7840064820,High School,35.44,61.7,61.19320789012331,0.5067921098766917
5779c278-e820-48bf-8acb-bdc5985b70ac,College,43.28,68.5,66.18273750702252,2.317262492977477
641bd7f3-0ecb-4ee7-99c6-99d86f4ce48f,College,41.12,64.0,64.80807118399926,-0.8080711839992603
e79b4477-5b5c-4ce4-ad79-275fa35b3dd7,College,37.87,51.1,62.73970750352447,-11.63970750352447
68e06334-edee-4a57-bb43-0b03b610c05d,College,52.01,71.4,71.73868056257481,-0.33868056257480816
3fd15fb6-65c2-4f0c-97c0-e36cf4f71778,College,60.66,73.9,77.24371005060775,-3.34371005060774
7d765fee-8b49-4ffe-82f8-cc6c9f52f5b3,College,40.29,70.1,64.2798429209857,5.820157079014294
7eb585af-770a-4322-bc03-e12f3ca026f3,College,58.16,74.1,75.65266106562714,-1.5526610656271487
557c5438-437a-4f1e-a26f-76ab09a1217b,College,40.0,69.6,64.09528123872795,5.504718761272045
46e8c967-5091-405c-8561-6e585f895fee,High School,31.87,66.5,58.92118993957099,7.5788100604290065
7ad5adc6-1ba0-4cfb-ab9d-61759077e0dd,College,37.5,60.3,62.50423225374734,-2.2042322537473424
4aeede74-d3fb-41a3-a503-3b8cf90d23b5,College,40.62,65.0,64.48986138700315,0.5101386129968546
e209ad98-988c-468b-b6c5-5349d114edfa,College,43.66,61.3,66.42457695273957,-5.124576952739574
0d12e096-c5fe-43ab-a59b-f336490b53c1,High School,39.71,54.6,63.9107195564702,-9.310719556470197
0b860d59-6b54-4fe4-85ce-07e334acf869,Pro,50.8,71.4,70.9686128538442,0.43138714615579943
2672ff0d-d896-484b-adb1-a6fa7845c012,High School,29.69,61.1,57.5337952246679,3.5662047753321033
7c4e568b-717d-4c48-9dae-3e642139386c,College,50.52,73.4,70.79041536752638,2.609584632473627
e0dcb5e4-9892-4ad3-87fd-865595802eb2,College,41.97,70.2,65.34902783889268,4.850972161107322
e64c82fa-5cc8-41c4-a9c8-a03fb7b26688,College,54.86,71.8,73.55247640545272,-1.7524764054527253
14da3229-f408-4639-a735-3b6c47902979,College,46.64,72.5,68.32110734283647,4.17889265716353
61147b1a-58b1-4595-87c5-f43ccc0dbb81,High School,42.47,67.8,65.6672376358888,2.1327623641112012
527d8042-1574-450a-abc2-372cac70f48d,High School,32.63,61.7,59.4048688310051,2.2951311689948994
8f5291fb-869f-4460-bd67-49224d7f0aff,College,45.91,65.3,67.85652103922212,-2.556521039222119
932e9341-6f9d-4f76-91ea-cdd162c0a488,High School,46.31,71.8,68.11108887681903,3.688911123180972
db4ba4a5-8579-4ebf-bd2a-dab783d30184,College,46.95,70.8,68.51839741697407,2.281602583025929
e36fd61e-b20b-40ca-9417-93f5b5d89a0a,College,44.98,69.1,67.26465081680934,1.835349183190658
9d099023-a97b-45ac-9138-e9bc09afac0c,College,42.94,71.4,65.96635484506515,5.433645154934851
8dee95ab-5cb2-492d-b73a-96bba3139d58,College,50.83,68.1,70.98770544166398,-2.8877054416639822
31ef25a1-9c6b-4f5e-8c7c-7f081805e8e3,College,38.56,62.7,63.17883702337912,-0.47883702337911416
23ee04e9-d863-48ed-b675-72216e060a8b,College,34.06,65.1,60.31494885041401,4.785051149585982
e38ee49b-56b9-402e-9500-26034e2f52d1,Pro,36.3,73.0,61.74052874095664,11.259471259043359
e7c4f4e4-a344-47cd-b284-30bc6acbd9cd,Pro,43.55,74.9,66.35457079740043,8.545429202599578
676bcad7-4b2e-4f81-8e31-aa37b6d6d787,College,49.28,69.1,70.001255070976,-0.9012550709760063
8fb7bbc7-a88b-4ba8-b16b-7913d25a9ee0,College,40.57,63.8,64.45804040730354,-0.6580404073035453
58f9b14c-8ac5-485a-af4f-50b918036353,College,44.27,65.1,66.81279290507484,-1.7127929050748492
1d8d1e61-024b-4eaa-8dd3-35202ca77318,High School,35.16,68.8,61.01501040380548,7.784989596194514
40f6245a-0835-4dcc-86e8-8e279e034b1e,College,48.4,64.0,69.44120582826281,-5.4412058282628095
70ffd727-f23b-4b7b-b3d9-c969930f862c,Pro,40.63,77.6,64.49622558294307,13.103774417056925
07d20ecb-7bee-4077-b668-b614f6b56f0e,Pro,51.53,73.4,71.43319915745855,1.9668008425414598
af558557-20d9-41ef-8394-7584daefa955,Pro,50.81,75.0,70.97497704978413,4.02502295021587
a0fa354b-053b-44cf-b351-e0925f856a5a,High School,32.79,63.3,59.506695966043864,3.793304033956133
a68e16ee-9583-4e43-a240-a2be3cb9feb9,College,36.75,64.6,62.02691755825316,2.573082441746834
a7f5385e-417e-4ce8-9025-2292611fa318,Pro,39.88,66.3,64.01891088744888,2.281089112551115
e37dbebc-7ae2-412c-9917-c91856a00f27,College,36.55,66.5,61.899633639454706,4.600366360545294
853a0f2c-78be-4ba9-be39-18d6c6b98593,High School,43.44,64.2,66.28456464206127,-2.0845646420612667
c0e73039-9d2a-4427-89f2-fb08fdbb384e,High School,44.73,65.7,67.10554591831128,-1.405545918311276
86e2a7a9-3392-4a49-8d1f-30a71c7fd288,College,39.54,62.2,63.80252822549152,-1.6025282254915183
6f6adf6f-5132-4cf0-847b-5114f93f9ace,High School,38.83,67.9,63.35067031375702,4.549329686242984
2c745a99-008f-463b-bced-7541adc3cd30,Pro,38.67,68.7,63.24884317871827,5.451156821281735
e38ee49b-56b9-402e-9500-26034e2f52d1,Pro,38.92,73.7,63.40794807721633,10.29205192278367
533d83d4-741f-4e58-9543-24d87ba480ec,High School,32.02,61.3,59.01665287866983,2.2833471213301664
0f2ae0b4-7653-4121-96f6-a8d08ae763f0,High School,24.66,62.0,54.3326046668869,7.667395333113099
845a0577-d7ea-4ff8-81ab-54d351076dbe,High School,34.9,64.0,60.849541309367496,3.1504586906325045
e79b4477-5b5c-4ce4-ad79-275fa35b3dd7,College,38.83,54.8,63.35067031375702,-8.550670313757024
35abfc18-eda4-4b84-9213-414fb641d088,High School,44.68,70.9,67.07372493861166,3.826275061388344
c777c1fe-cead-46a8-91bd-2ed727d5df8e,High School,39.56,68.4,63.81525661737137,4.584743382628638
7ad5adc6-1ba0-4cfb-ab9d-61759077e0dd,College,37.6,64.5,62.56787421314657,1.9321257868534332
7778df7b-d817-436f-b255-38fb261f6fcb,College,41.85,63.8,65.27265748761361,-1.472657487613617
05575cbe-9a25-44ff-9a85-44c36f90b777,High School,32.9,62.0,59.57670212138301,2.4232978786169923
5c279055-6575-4ccd-ba85-c5dcd282a4c9,Pro,50.23,70.8,70.60585368526863,0.19414631473136978
1cb2ec3a-6515-4231-a3c6-c66b7cb019df,High School,39.93,63.1,64.0507318671485,-0.9507318671484981
40f6245a-0835-4dcc-86e8-8e279e034b1e,College,52.03,70.1,71.75140895445467,-1.6514089544546806
89d9ac05-56b2-4872-991f-c0e079473e59,College,47.31,85.4,68.74750847081127,16.652491529188737
a14936c7-f6ce-44e3-906b-6f0af1739df5,College,43.83,71.4,66.53276828371826,4.867231716281751
4ef9567c-3bde-482d-a5e2-aef5c697af76,High School,36.45,63.4,61.835991680055486,1.564008319944513
0d12e096-c5fe-43ab-a59b-f336490b53c1,High School,37.96,57.5,62.79698526698377,-5.296985266983768
c777c1fe-cead-46a8-91bd-2ed727d5df8e,High School,39.65,68.4,63.87253438083067,4.527465619169334
bc46b104-a6db-4a6d-ba3e-7778cc670836,Pro,33.23,61.6,59.78672058740045,1.8132794125995488
d83aec3e-6fdc-4f27-a777-82d4ba21d9c5,College,51.03,71.0,71.11498936046243,-0.11498936046243102
c02af945-0781-48c8-b2b8-cd3d76336ae6,High School,46.74,65.5,68.38474930223569,-2.88474930223569
f7ae8f18-8ddd-4f41-8399-40db8ce513d4,High School,26.56,55.7,55.54180189547217,0.158198104527834
ad291615-a5d0-45f6-a9dc-5299b0d9b62b,High School,36.89,53.7,62.116016301412074,-8.416016301412071
9c82b9cc-3ed8-4306-8736-f0f6cd29a2a0,College,25.22,58.8,54.688999639522564,4.1110003604774334
40f6245a-0835-4dcc-86e8-8e279e034b1e,College,53.19,70.1,72.48965568348567,-2.389655683485671
89d9ac05-56b2-4872-991f-c0e079473e59,College,54.7,85.4,73.45064927041398,11.94935072958603
a14936c7-f6ce-44e3-906b-6f0af1739df5,College,44.18,71.4,66.75551514161555,4.644484858384459
a538b5e7-d774-4288-8f00-6dea5206c705,Pro,48.48,71.4,69.4921193957822,1.9078806042178087
70ffd727-f23b-4b7b-b3d9-c969930f862c,Pro,41.12,76.9,64.80807118399926,12.091928816000745
59b95e48-9c37-4d32-9ec1-437ea3aa9fa9,College,37.52,71.0,62.51696064562719,8.483039354372814
9ed9402d-dabe-4f03-a107-95b9c2795afa,Pro,55.59,68.8,74.01706270906706,-5.217062709067065
c452693b-05ed-4a1a-8d5a-cb1c1d32da49,High School,42.47,60.7,65.6672376358888,-4.967237635888793
16a5cd52-6be1-42c8-8700-e55024c20260,Pro,50.33,70.2,70.66949564466785,-0.46949564466784466
608f7b47-65fe-48e3-867a-fd2d22bfcee5,Pro,36.21,58.1,61.683250977497345,-3.583250977497343
ce976cad-862f-4b6a-a5bd-2a70fe9d6615,College,51.96,75.2,71.70685958287521,3.493140417124792
804a3f16-aaac-4441-90aa-20ff0aaabfdc,College,27.36,53.4,56.050937570665965,-2.650937570665967
e209ad98-988c-468b-b6c5-5349d114edfa,College,37.05,65.8,62.21784343645083,3.5821565635491694
05575cbe-9a25-44ff-9a85-44c36f90b777,High School,29.55,61.0,57.444696481508984,3.555303518491016
5c279055-6575-4ccd-ba85-c5dcd282a4c9,Pro,54.68,73.8,73.43792087853413,0.36207912146586807
7778df7b-d817-436f-b255-38fb261f6fcb,College,42.79,73.1,65.87089190596632,7.229108094033677
1921179e-9a4e-45bf-a697-ee94c0ade229,College,34.23,67.2,60.4231401813927,6.776859818607306
e7c4f4e4-a344-47cd-b284-30bc6acbd9cd,Pro,46.29,70.9,68.09836048493918,2.8016395150608275
035e8a20-9ca0-4b92-b53f-547c8e41119f,High School,34.06,55.4,60.31494885041401,-4.914948850414014
5d3cd11e-491a-447d-9f10-7708d55c469b,High School,27.84,58.3,56.35641897578225,1.9435810242177496
c02af945-0781-48c8-b2b8-cd3d76336ae6,High School,42.13,62.7,65.45085497393144,-2.750854973931439
d6caf525-b4b3-4404-9d67-77db54928247,College,47.24,72.9,68.70295909923182,4.197040900768187
75483867-2072-41fc-8f9c-6e52a78cee66,High School,38.06,49.0,62.860627226383,-13.860627226383002
7ad5adc6-1ba0-4cfb-ab9d-61759077e0dd,College,38.2,64.3,62.949725969541916,1.3502740304580811
47a7fe0c-5f0a-410a-881c-47111ecca16a,Pro,37.11,73.8,62.25602861209036,11.543971387909636
e8116d12-4805-47f9-8f34-6d5ae7218412,High School,34.58,59.6,60.64588703928998,-1.0458870392899797
61147b1a-58b1-4595-87c5-f43ccc0dbb81,High School,40.96,69.9,64.70624404896051,5.193755951039492
71a4841c-2a7f-46cd-ae15-f493f01b8ede,Pro,32.08,57.4,59.054838054309364,-1.6548380543093657
8ec56890-f5d1-4b19-98a3-c1b4afe97740,High School,30.73,56.1,58.195671602419836,-2.0956716024198343
a455d4c4-84b0-48f6-bccc-ea5311d4d991,High School,32.2,59.2,59.13120840558844,0.06879159441156446
89d9ac05-56b2-4872-991f-c0e079473e59,College,55.37,80.2,73.87705039838877,6.322949601611228
9fa0287b-680b-4114-9b05-5934ee18659a,High School,43.68,68.8,66.43730534461942,2.3626946553805794
1911cf02-13fc-4593-9007-cbcbe5af14c4,High School,37.06,57.8,62.22420763239075,-4.424207632390754
eabd792d-8041-4066-af05-8f16f6d4d96b,High School,34.63,70.6,60.67770801898959,9.922291981010403
86d1acdd-a72b-4b98-95b3-6b48c7aa07c9,High School,33.32,63.1,59.84399835085975,3.256001649140252
1dca7a66-4105-40cf-88b0-509d7e7faa1b,High School,30.95,54.9,58.33568391309813,-3.4356839130981314
97ab5c51-d108-4107-b9c4-99dc900b83de,High School,28.45,49.7,56.74463492811751,-7.04463492811751
70ffd727-f23b-4b7b-b3d9-c969930f862c,Pro,41.8,77.5,65.240836507914,12.259163492086003
82b0b250-94f9-4a9d-acb3-e2f2f3c006e4,College,46.07,69.4,67.95834817426089,1.4416518257391147
0fe781bf-2f44-4b0e-af16-4f753becc886,High School,43.77,67.6,66.49458310807873,1.1054168919212657
59b95e48-9c37-4d32-9ec1-437ea3aa9fa9,College,40.46,69.8,64.38803425196438,5.4119657480356125
0cf500b2-bd7e-4a69-a408-135db6e662be,High School,36.91,55.3,62.128744693291914,-6.828744693291917
68e06334-edee-4a57-bb43-0b03b610c05d,College,50.83,70.4,70.98770544166398,-0.5877054416639709
e5f0d44f-45c2-4349-97af-84cc0bcec2a2,College,47.28,71.9,68.7284158829915,3.171584117008507
33acaa1e-4342-4a73-a481-6d07ce16e9ee,College,43.51,65.8,66.32911401364073,-0.5291140136407364
eee4be93-7658-4a8a-85ef-9dc8c80a0fe9,College,45.49,70.1,67.58922480974539,2.5107751902546056
e38ee49b-56b9-402e-9500-26034e2f52d1,Pro,37.45,71.4,62.47241127404773,8.927588725952276
a4ae9d24-ef38-46b6-bdf2-14c2be07f299,College,41.41,74.3,64.99263286625703,9.307367133742972
